launch_flop,capture_flop,slack
_18454_,_19305_,-0.954505
_18454_,_19309_,-0.866558
_18454_,_19313_,-0.844024
_18454_,_19308_,-0.827997
_18454_,_19120_,-0.805406
_18454_,_19121_,-0.791212
_18454_,_19117_,-0.784532
_18454_,_19307_,-0.761876
_18454_,_19310_,-0.749591
_18454_,_19311_,-0.738011
_18454_,_19312_,-0.722704
_18454_,_19303_,-0.703000
_18454_,_19119_,-0.694093
_18454_,_19116_,-0.622376
_18454_,_19306_,-0.607345
_18454_,_19304_,-0.596391
_18454_,_19118_,-0.551395
_18454_,_19110_,-0.539432
_18454_,_19113_,-0.536821
_18454_,_19109_,-0.526709
_18454_,_19115_,-0.523102
_18454_,_19112_,-0.517882
_18454_,_19108_,-0.419735
_18454_,_19114_,-0.405862
_18454_,_19302_,-0.399269
_18454_,_19111_,-0.305358
_18454_,_19107_,-0.270594
_18454_,_19301_,-0.254273
_18454_,_19300_,-0.167799
_18454_,_19299_,-0.105753
_18454_,_19297_,-0.041621
_18454_,_19298_,0.063639
_18454_,_19106_,0.069022
_18454_,_19105_,0.079814
_18454_,_19104_,0.157126
_18454_,_19296_,0.208122
_18454_,_19295_,0.308275
_18454_,_19103_,0.336449
_18454_,_19294_,0.466340
_18454_,_19292_,0.558922
_18454_,_19293_,0.605094
_19028_,_19153_,0.639040
_18454_,_19102_,0.659229
_19028_,_19152_,0.724057
_19156_,_18961_,0.804024
_18454_,_19101_,0.844254
_18963_,_19281_,0.889744
_18383_,_19290_,0.898992
_18383_,_19291_,0.922651
_18963_,_19280_,0.923282
_19028_,_19151_,0.925901
_19156_,_18960_,0.937658
_18454_,_19099_,0.952445
_19284_,_18929_,1.010038
_18383_,_19100_,1.012046
_19188_,_19346_,1.022134
_19188_,_19345_,1.052644
_19092_,_18865_,1.060933
_18383_,_19289_,1.094997
_19028_,_19150_,1.110903
_19220_,_18897_,1.138001
_19220_,_18896_,1.159669
_19060_,_19024_,1.169106
_19284_,_18928_,1.169881
_19028_,_19149_,1.172237
_19156_,_18959_,1.178978
_19060_,_19025_,1.202639
_18962_,_19279_,1.207269
_19092_,_18864_,1.212742
_18383_,_19288_,1.238523
_18383_,_19286_,1.246482
_19156_,_18958_,1.254312
_19156_,_18957_,1.306450
_19188_,_19344_,1.322957
_18383_,_19287_,1.325312
_18467_,_17605_,1.328232
_19284_,_18927_,1.341244
_19028_,_19148_,1.343053
_18383_,_19096_,1.348037
_18383_,_19098_,1.349951
_18962_,_19278_,1.357404
_18383_,_19097_,1.400526
_19220_,_18895_,1.445016
_19092_,_18863_,1.465187
_19060_,_19023_,1.475214
_19028_,_19147_,1.480869
_19188_,_19343_,1.528182
_18383_,_19095_,1.566128
_19156_,_18955_,1.575047
_18962_,_19276_,1.591350
_19220_,_18894_,1.605166
_19156_,_18956_,1.617813
_18962_,_19277_,1.620391
_18467_,_17604_,1.639573
_19284_,_18926_,1.646704
_19092_,_18862_,1.658127
_18467_,_17603_,1.682094
_19188_,_19342_,1.703228
_19060_,_19022_,1.737237
_19220_,_18893_,1.790556
_18383_,_19285_,1.796705
_19284_,_18925_,1.801524
_18962_,_19275_,1.841359
_18380_,_19284_,1.878247
_19060_,_19021_,1.882299
_19092_,_18861_,1.887023
_18383_,_19094_,1.889411
_19156_,_18954_,1.894614
_19188_,_19341_,1.906879
_18363_,_17601_,1.925923
_19060_,_19020_,1.937374
_18383_,_19093_,1.939983
_18467_,_17602_,1.949098
_19028_,_19146_,1.964743
_18866_,_18892_,1.990812
_19188_,_19340_,1.997460
_18363_,_17600_,2.022254
_19028_,_19145_,2.049615
_19156_,_18953_,2.077382
_19092_,_18860_,2.081241
_18866_,_18891_,2.081856
_19060_,_19019_,2.108591
_19284_,_18924_,2.115916
_19092_,_18859_,2.132083
_18383_,_19091_,2.148339
_19188_,_19339_,2.170039
_19188_,_19338_,2.171921
_18383_,_19283_,2.184061
_18467_,_17599_,2.248776
_18962_,_19274_,2.251500
_18380_,_19092_,2.263307
_19284_,_18923_,2.270746
_19028_,_19144_,2.275407
_19060_,_19017_,2.299867
_19060_,_19018_,2.336116
_18866_,_18890_,2.349558
_18962_,_19273_,2.360168
_19156_,_18952_,2.373570
_18363_,_17598_,2.391632
_19284_,_18922_,2.410609
_18866_,_18889_,2.413924
_19028_,_19143_,2.430551
_18866_,_18888_,2.453316
_18962_,_19272_,2.530830
_19156_,_18951_,2.549171
_18363_,_17597_,2.553228
_19188_,_19337_,2.612229
_19090_,_18858_,2.620905
_18866_,_18887_,2.636196
_18962_,_19269_,2.638702
_18383_,_19090_,2.655120
_19284_,_18921_,2.675198
_19060_,_19015_,2.676079
_18467_,_17593_,2.683685
_19156_,_18950_,2.687932
_19060_,_19016_,2.693994
_18962_,_19271_,2.709566
_18962_,_19268_,2.710328
_18383_,_19282_,2.714534
_18363_,_17596_,2.714781
_19092_,_18855_,2.723626
_19188_,_19336_,2.731422
_19090_,_18857_,2.738422
_18866_,_18886_,2.739716
_19028_,_19142_,2.779796
_19284_,_18920_,2.782774
_19090_,_18856_,2.800392
_18363_,_17592_,2.802119
_18467_,_17595_,2.803504
_18363_,_17594_,2.833558
_19284_,_18919_,2.860016
_18363_,_17589_,2.868848
_19028_,_19141_,2.891915
_19188_,_19335_,2.913513
_18866_,_18885_,2.923898
_18962_,_19270_,2.933728
_19028_,_19140_,2.961312
_19092_,_18853_,2.992819
_19090_,_18854_,2.998100
_18363_,_17588_,3.006470
_18363_,_17590_,3.007659
_18363_,_17591_,3.018375
_18454_,_17585_,3.052258
_19060_,_19014_,3.058992
_19284_,_18917_,3.065202
_18866_,_18884_,3.073528
_19188_,_19334_,3.083340
_19186_,_19333_,3.090779
_19282_,_18918_,3.091912
_19156_,_18949_,3.093655
_18363_,_17584_,3.095639
_18467_,_17586_,3.137493
_18866_,_18883_,3.148214
_19028_,_19139_,3.153769
_18454_,_17581_,3.170841
_19156_,_18948_,3.180206
_19284_,_18915_,3.187932
_18962_,_19267_,3.220517
_18385_,_18351_,3.229667
_18385_,_18352_,3.229667
_18385_,_18454_,3.229669
_18385_,_18485_,3.229669
_18385_,_18486_,3.229674
_18385_,_18421_,3.233440
_18385_,_18422_,3.233440
_18385_,_18517_,3.233440
_18385_,_18518_,3.233440
_18385_,_18522_,3.233440
_18385_,_18549_,3.233440
_18385_,_18550_,3.233440
_18385_,_18554_,3.233440
_18385_,_18581_,3.233440
_18385_,_18582_,3.233440
_18385_,_18613_,3.233440
_18385_,_18614_,3.233440
_18385_,_18618_,3.233440
_18385_,_18646_,3.233440
_18385_,_18650_,3.233440
_18385_,_18677_,3.233440
_18385_,_18678_,3.233440
_18385_,_18709_,3.233440
_18385_,_18710_,3.233440
_18385_,_18742_,3.233440
_18385_,_18774_,3.233440
_18385_,_18805_,3.233440
_18385_,_18806_,3.233440
_18385_,_18645_,3.233447
_18385_,_18741_,3.233449
_18385_,_18773_,3.233449
_18385_,_17578_,3.270835
_18962_,_19266_,3.274317
_18385_,_17577_,3.278077
_18467_,_17587_,3.295714
_19156_,_18947_,3.297821
_19092_,_18852_,3.317110
_18454_,_17583_,3.318447
_19282_,_18916_,3.319163
_18454_,_17580_,3.325416
_18363_,_17582_,3.350701
_19060_,_19013_,3.362032
_19092_,_18851_,3.370640
_19028_,_19138_,3.377322
_18962_,_19265_,3.388719
_18454_,_17579_,3.393121
_18385_,_18353_,3.428781
_18385_,_18396_,3.428779
_18385_,_18390_,3.428786
_18385_,_18453_,3.428786
_18385_,_18455_,3.428785
_18385_,_18475_,3.428785
_18385_,_18460_,3.428790
_18385_,_18487_,3.428792
_18385_,_18519_,3.432555
_18385_,_18524_,3.432555
_18385_,_18583_,3.432552
_18385_,_18423_,3.432556
_18385_,_18551_,3.432556
_18385_,_18615_,3.432555
_18385_,_18647_,3.432556
_18385_,_18679_,3.432556
_18385_,_18711_,3.432556
_18385_,_18743_,3.432555
_18385_,_18775_,3.432555
_18385_,_18807_,3.432555
_18385_,_18490_,3.438894
_18385_,_18356_,3.438905
_18385_,_18394_,3.438909
_18385_,_18452_,3.438908
_18385_,_18389_,3.438917
_18385_,_18468_,3.438915
_18385_,_18391_,3.438920
_18385_,_18458_,3.438921
_18385_,_18484_,3.438924
_18385_,_18420_,3.442682
_18385_,_18426_,3.442683
_18385_,_18516_,3.442682
_18385_,_18548_,3.442683
_18385_,_18580_,3.442682
_18385_,_18586_,3.442682
_18385_,_18612_,3.442682
_18385_,_18644_,3.442682
_18385_,_18676_,3.442682
_18385_,_18682_,3.442682
_18385_,_18708_,3.442683
_18385_,_18714_,3.442682
_18385_,_18740_,3.442683
_18385_,_18746_,3.442682
_18385_,_18772_,3.442683
_18385_,_18778_,3.442682
_18385_,_18804_,3.442682
_18385_,_18810_,3.442682
_18385_,_18827_,3.442682
_19156_,_18946_,3.445644
_19028_,_19137_,3.452362
_19060_,_19012_,3.453007
_18385_,_18355_,3.460316
_18385_,_18393_,3.460316
_18385_,_18366_,3.462404
_18385_,_18369_,3.462430
_18385_,_18386_,3.462440
_18385_,_18348_,3.462457
_18385_,_18407_,3.462454
_18385_,_18450_,3.462453
_18385_,_18500_,3.462451
_18385_,_18503_,3.462451
_18385_,_18509_,3.462451
_18385_,_18350_,3.462457
_18385_,_18489_,3.462456
_18385_,_18388_,3.462461
_18385_,_18404_,3.462458
_18385_,_18471_,3.462462
_18385_,_18477_,3.462461
_18385_,_18457_,3.462467
_18385_,_18510_,3.462467
_18385_,_18809_,3.465360
_18385_,_18425_,3.466230
_18385_,_18436_,3.466230
_18385_,_18439_,3.466230
_18385_,_18445_,3.466230
_18385_,_18446_,3.466230
_18385_,_18521_,3.466230
_18385_,_18532_,3.466230
_18385_,_18535_,3.466230
_18385_,_18546_,3.466230
_18385_,_18553_,3.466230
_18385_,_18564_,3.466230
_18385_,_18567_,3.466230
_18385_,_18573_,3.466230
_18385_,_18596_,3.466230
_18385_,_18599_,3.466230
_18385_,_18605_,3.466230
_18385_,_18606_,3.466230
_18385_,_18610_,3.466230
_18385_,_18617_,3.466230
_18385_,_18628_,3.466230
_18385_,_18631_,3.466230
_18385_,_18642_,3.466230
_18385_,_18649_,3.466230
_18385_,_18660_,3.466230
_18385_,_18663_,3.466230
_18385_,_18681_,3.466230
_18385_,_18692_,3.466230
_18385_,_18695_,3.466230
_18385_,_18713_,3.466230
_18385_,_18724_,3.466230
_18385_,_18727_,3.466230
_18385_,_18733_,3.466230
_18385_,_18738_,3.466230
_18385_,_18745_,3.466230
_18385_,_18756_,3.466230
_18385_,_18759_,3.466230
_18385_,_18777_,3.466230
_18385_,_18788_,3.466230
_18385_,_18791_,3.466230
_18385_,_18797_,3.466230
_18385_,_18798_,3.466230
_18385_,_18802_,3.466230
_18385_,_18820_,3.466230
_18385_,_18823_,3.466230
_18385_,_18830_,3.466230
_18385_,_17574_,3.474423
_19284_,_18914_,3.474544
_18385_,_17576_,3.474775
_18347_,_18473_,3.478244
_18347_,_18406_,3.479460
_18347_,_18497_,3.479457
_18347_,_18505_,3.479457
_18347_,_18371_,3.479474
_19188_,_19332_,3.481106
_18347_,_18537_,3.482034
_18347_,_18825_,3.482034
_18347_,_18433_,3.483236
_18347_,_18441_,3.483236
_18347_,_18561_,3.483236
_18347_,_18569_,3.483236
_18347_,_18593_,3.483236
_18347_,_18601_,3.483235
_18347_,_18633_,3.483235
_18347_,_18665_,3.483235
_18347_,_18697_,3.483235
_18347_,_18721_,3.483235
_18347_,_18729_,3.483236
_18347_,_18761_,3.483236
_18347_,_18785_,3.483235
_18347_,_18793_,3.483236
_18347_,_18817_,3.483235
_18347_,_18822_,3.483235
_18962_,_19264_,3.490803
_18347_,_18357_,3.491479
_18347_,_18395_,3.491479
_18347_,_18409_,3.491479
_18347_,_18459_,3.491479
_18347_,_18491_,3.491479
_18347_,_18354_,3.492695
_18347_,_18488_,3.492698
_18347_,_18499_,3.492695
_18347_,_18456_,3.492703
_18347_,_18424_,3.495269
_18347_,_18427_,3.495269
_18347_,_18523_,3.495269
_18347_,_18555_,3.495269
_18347_,_18584_,3.495269
_18347_,_18587_,3.495269
_18347_,_18619_,3.495269
_18347_,_18651_,3.495269
_18347_,_18683_,3.495269
_18347_,_18715_,3.495269
_18347_,_18747_,3.495269
_18347_,_18779_,3.495269
_18347_,_18811_,3.495269
_18347_,_18712_,3.496455
_18347_,_18520_,3.496470
_18347_,_18552_,3.496471
_18347_,_18616_,3.496470
_18347_,_18648_,3.496470
_18347_,_18680_,3.496470
_18347_,_18744_,3.496471
_18347_,_18764_,3.496471
_18347_,_18776_,3.496470
_18347_,_18787_,3.496470
_18347_,_18808_,3.496470
_18347_,_18819_,3.496470
_19092_,_18849_,3.500463
_19092_,_18850_,3.512668
_19060_,_19011_,3.513558
_18866_,_18882_,3.519946
_18347_,_18504_,3.525733
_18347_,_18506_,3.525733
_18347_,_18472_,3.525745
_18347_,_18480_,3.525742
_18347_,_18512_,3.525740
_18347_,_18370_,3.525751
_18347_,_18736_,3.529496
_18347_,_18408_,3.529510
_18347_,_18440_,3.529512
_18347_,_18536_,3.529512
_18347_,_18538_,3.529511
_18347_,_18544_,3.529511
_18347_,_18568_,3.529512
_18347_,_18576_,3.529512
_18347_,_18600_,3.529512
_18347_,_18608_,3.529511
_18347_,_18632_,3.529511
_18347_,_18640_,3.529511
_18347_,_18664_,3.529512
_18347_,_18672_,3.529512
_18347_,_18696_,3.529511
_18347_,_18704_,3.529511
_18347_,_18728_,3.529511
_18347_,_18730_,3.529511
_18347_,_18760_,3.529511
_18347_,_18762_,3.529511
_18347_,_18768_,3.529511
_18347_,_18792_,3.529511
_18347_,_18794_,3.529511
_18347_,_18800_,3.529512
_18347_,_18824_,3.529511
_18347_,_18826_,3.529511
_18347_,_18832_,3.529511
_19156_,_18945_,3.537057
_19186_,_19331_,3.567005
_18385_,_18496_,3.624534
_18385_,_18507_,3.624532
_18385_,_18362_,3.624543
_18385_,_18373_,3.624544
_18385_,_18411_,3.624543
_18385_,_18469_,3.624542
_18385_,_18464_,3.624545
_18385_,_18432_,3.628310
_18385_,_18443_,3.628311
_18385_,_18528_,3.628310
_18385_,_18533_,3.628310
_18385_,_18539_,3.628310
_18385_,_18560_,3.628311
_18385_,_18571_,3.628311
_18385_,_18592_,3.628310
_18385_,_18603_,3.628311
_18385_,_18624_,3.628310
_18385_,_18635_,3.628310
_18385_,_18656_,3.628310
_18385_,_18667_,3.628311
_18385_,_18688_,3.628311
_18385_,_18699_,3.628311
_18385_,_18720_,3.628311
_18385_,_18731_,3.628310
_18385_,_18752_,3.628311
_18385_,_18763_,3.628310
_18385_,_18784_,3.628311
_18385_,_18795_,3.628310
_18385_,_18816_,3.628310
_18385_,_18400_,3.628318
_18385_,_18397_,3.636338
_18385_,_18493_,3.636337
_18385_,_18358_,3.636343
_18385_,_18359_,3.636344
_18385_,_18461_,3.636342
_18385_,_18492_,3.636341
_18385_,_18781_,3.640097
_18385_,_18428_,3.640112
_18385_,_18429_,3.640112
_18385_,_18525_,3.640112
_18385_,_18556_,3.640112
_18385_,_18557_,3.640113
_18385_,_18588_,3.640112
_18385_,_18589_,3.640112
_18385_,_18620_,3.640112
_18385_,_18621_,3.640112
_18385_,_18652_,3.640113
_18385_,_18653_,3.640113
_18385_,_18684_,3.640112
_18385_,_18685_,3.640112
_18385_,_18716_,3.640112
_18385_,_18717_,3.640112
_18385_,_18748_,3.640113
_18385_,_18749_,3.640112
_18385_,_18780_,3.640113
_18385_,_18812_,3.640112
_18385_,_18813_,3.640112
_19058_,_19009_,3.641502
_19188_,_19330_,3.647004
_19092_,_18847_,3.678021
_18347_,_18502_,3.679479
_18347_,_18368_,3.679486
_18347_,_18465_,3.679487
_18347_,_18470_,3.679486
_19060_,_19010_,3.682261
_18347_,_18438_,3.683258
_18347_,_18529_,3.683258
_18347_,_18534_,3.683258
_18347_,_18566_,3.683258
_18347_,_18598_,3.683258
_18347_,_18625_,3.683258
_18347_,_18630_,3.683258
_18347_,_18657_,3.683258
_18347_,_18662_,3.683258
_18347_,_18689_,3.683258
_18347_,_18694_,3.683258
_18347_,_18726_,3.683258
_18347_,_18750_,3.683258
_18347_,_18753_,3.683258
_18347_,_18758_,3.683258
_18347_,_18782_,3.683258
_18347_,_18790_,3.683258
_19092_,_18848_,3.685557
_18347_,_18498_,3.686524
_18347_,_18364_,3.686529
_18347_,_18402_,3.686532
_18347_,_18462_,3.686531
_18347_,_18466_,3.686531
_18866_,_18881_,3.687975
_18347_,_18365_,3.689382
_18347_,_18476_,3.689382
_18347_,_18434_,3.690299
_18347_,_18526_,3.690298
_18347_,_18530_,3.690298
_18347_,_18558_,3.690299
_18347_,_18562_,3.690299
_18347_,_18594_,3.690298
_18347_,_18622_,3.690298
_18347_,_18626_,3.690298
_18347_,_18654_,3.690299
_18347_,_18658_,3.690299
_18347_,_18686_,3.690299
_18347_,_18690_,3.690298
_18347_,_18722_,3.690298
_18347_,_18754_,3.690298
_18347_,_18786_,3.690298
_18347_,_18818_,3.690298
_18347_,_18403_,3.690592
_18347_,_18508_,3.690594
_18347_,_18361_,3.690605
_18347_,_18374_,3.690606
_18347_,_18378_,3.690606
_18347_,_18474_,3.690606
_18347_,_18372_,3.690611
_18385_,_18349_,3.692766
_18385_,_18451_,3.692767
_18385_,_18482_,3.692770
_18385_,_18483_,3.692777
_18347_,_18540_,3.693172
_18347_,_18572_,3.693172
_18347_,_18435_,3.694373
_18347_,_18442_,3.694373
_18347_,_18444_,3.694373
_18347_,_18448_,3.694373
_18347_,_18595_,3.694373
_18347_,_18602_,3.694373
_18347_,_18604_,3.694373
_18347_,_18636_,3.694373
_18347_,_18668_,3.694373
_18347_,_18700_,3.694373
_18347_,_18723_,3.694373
_18347_,_18732_,3.694373
_18347_,_18796_,3.694373
_18347_,_18828_,3.694373
_18385_,_18418_,3.696542
_18385_,_18419_,3.696542
_18385_,_18514_,3.696542
_18385_,_18515_,3.696542
_18385_,_18547_,3.696542
_18385_,_18578_,3.696542
_18385_,_18579_,3.696542
_18385_,_18585_,3.696542
_18385_,_18611_,3.696542
_18385_,_18643_,3.696542
_18385_,_18674_,3.696542
_18385_,_18675_,3.696542
_18385_,_18706_,3.696542
_18385_,_18707_,3.696542
_18385_,_18739_,3.696542
_18385_,_18770_,3.696542
_18385_,_18771_,3.696542
_18385_,_18803_,3.696542
_18385_,_18376_,3.699558
_18385_,_18413_,3.703324
_18385_,_18574_,3.703326
_18385_,_18638_,3.703325
_18385_,_18414_,3.703343
_18962_,_19263_,3.707298
_19028_,_19136_,3.711106
_18385_,_18360_,3.714611
_18385_,_18363_,3.714610
_18385_,_18379_,3.714610
_18385_,_18401_,3.714611
_18385_,_18467_,3.714610
_18385_,_18481_,3.714610
_18385_,_18501_,3.714611
_18385_,_18513_,3.714612
_18385_,_18367_,3.714617
_18385_,_18417_,3.714622
_18385_,_18494_,3.714620
_19028_,_19135_,3.716622
_18385_,_18430_,3.718379
_18385_,_18437_,3.718379
_18385_,_18449_,3.718379
_18385_,_18545_,3.718379
_18385_,_18565_,3.718379
_18385_,_18577_,3.718379
_18385_,_18590_,3.718379
_18385_,_18597_,3.718379
_18385_,_18609_,3.718379
_18385_,_18629_,3.718379
_18385_,_18641_,3.718379
_18385_,_18661_,3.718379
_18385_,_18673_,3.718379
_18385_,_18693_,3.718379
_18385_,_18705_,3.718379
_18385_,_18718_,3.718379
_18385_,_18725_,3.718379
_18385_,_18737_,3.718379
_18385_,_18757_,3.718379
_18385_,_18769_,3.718379
_18385_,_18789_,3.718379
_18385_,_18801_,3.718379
_18385_,_18814_,3.718379
_18385_,_18821_,3.718379
_18385_,_18833_,3.718379
_18385_,_18398_,3.718387
_18385_,_18405_,3.718392
_18385_,_17575_,3.734035
_19282_,_18913_,3.737440
_19284_,_18912_,3.765888
_19156_,_18943_,3.787497
_19156_,_18944_,3.789762
_19188_,_19329_,3.790941
_18866_,_18880_,3.795230
_18347_,_18399_,3.857237
_18347_,_18495_,3.857242
_18347_,_18478_,3.857249
_18347_,_18416_,3.857255
_18347_,_18463_,3.857253
_18866_,_18879_,3.857714
_18347_,_18410_,3.861017
_18347_,_18431_,3.861019
_18347_,_18527_,3.861018
_18347_,_18542_,3.861018
_18347_,_18559_,3.861019
_18347_,_18570_,3.861019
_18347_,_18591_,3.861019
_18347_,_18623_,3.861018
_18347_,_18634_,3.861018
_18347_,_18655_,3.861019
_18347_,_18666_,3.861019
_18347_,_18687_,3.861018
_18347_,_18698_,3.861019
_18347_,_18719_,3.861018
_18347_,_18751_,3.861018
_18347_,_18783_,3.861019
_18347_,_18815_,3.861018
_18347_,_18412_,3.861036
_18962_,_19262_,3.865182
_19282_,_18911_,3.866784
_19090_,_18846_,3.877767
_19156_,_18942_,3.879175
_18347_,_18531_,3.883656
_18347_,_18563_,3.883657
_18347_,_18627_,3.883656
_18347_,_18659_,3.883657
_18347_,_18691_,3.883656
_18347_,_18755_,3.883656
_18385_,_18377_,3.886256
_18385_,_18387_,3.886256
_18385_,_18479_,3.886256
_18385_,_18511_,3.886256
_18385_,_18415_,3.886266
_18385_,_18375_,3.887143
_18385_,_18447_,3.890041
_18385_,_18543_,3.890041
_18385_,_18575_,3.890041
_18385_,_18607_,3.890041
_18385_,_18639_,3.890041
_18385_,_18671_,3.890041
_18385_,_18703_,3.890041
_18385_,_18735_,3.890041
_18385_,_18767_,3.890041
_18385_,_18799_,3.890041
_18385_,_18831_,3.890041
_18385_,_18541_,3.890911
_18385_,_18637_,3.890911
_18385_,_18669_,3.890911
_18385_,_18701_,3.890911
_18385_,_18734_,3.890911
_18385_,_18765_,3.890911
_18385_,_18829_,3.890911
_19092_,_18845_,3.891188
_19060_,_19007_,3.891252
_19028_,_19134_,3.908013
_18385_,_18670_,3.931390
_18385_,_18702_,3.931390
_18385_,_18766_,3.931391
_19188_,_19328_,3.931744
_18385_,_18392_,3.949956
_18866_,_18878_,3.979507
_19156_,_18939_,3.984511
_19284_,_18910_,3.995694
_19156_,_18941_,4.042731
_17572_,_18383_,4.062410
_19284_,_18909_,4.062688
_19188_,_19326_,4.066411
_19220_,_18877_,4.076687
_19060_,_19006_,4.093503
_19188_,_19327_,4.097071
_18962_,_19261_,4.100767
_18346_,_18898_,4.101743
_18345_,_18979_,4.108242
_17572_,_18969_,4.116493
_17572_,_18991_,4.116493
_17572_,_18993_,4.116502
_17572_,_19055_,4.116502
_17572_,_18981_,4.116949
_17572_,_19070_,4.116949
_17572_,_18992_,4.117081
_17572_,_18974_,4.117285
_17572_,_18975_,4.117295
_19028_,_19133_,4.118146
_17572_,_19057_,4.120127
_17572_,_19067_,4.120127
_17572_,_19063_,4.120235
_17572_,_19064_,4.120235
_17572_,_19056_,4.120262
_17572_,_19087_,4.120262
_17572_,_19028_,4.120369
_17572_,_19036_,4.120715
_17572_,_19068_,4.120715
_17572_,_19035_,4.120843
_17572_,_19030_,4.121000
_17572_,_19032_,4.121000
_17572_,_19039_,4.121047
_17572_,_19060_,4.121164
_18345_,_19212_,4.123068
_18345_,_19204_,4.124370
_19058_,_19008_,4.130756
_18346_,_18835_,4.137679
_18345_,_19083_,4.143867
_18345_,_18983_,4.144797
_18345_,_19043_,4.144951
_18345_,_18990_,4.144979
_18345_,_18973_,4.145052
_18345_,_18976_,4.145052
_18345_,_18984_,4.145052
_18345_,_18985_,4.145052
_18345_,_18987_,4.145052
_18345_,_18989_,4.145052
_18345_,_19037_,4.145052
_18345_,_18977_,4.145197
_18345_,_18986_,4.145197
_18345_,_19069_,4.145197
_18345_,_19072_,4.145206
_18345_,_19167_,4.145585
_18345_,_19054_,4.147552
_18345_,_19086_,4.147552
_18345_,_19053_,4.147635
_18345_,_19042_,4.148566
_18345_,_19074_,4.148711
_18345_,_19076_,4.148711
_18345_,_19085_,4.148736
_18345_,_19041_,4.148819
_18345_,_19049_,4.148819
_18345_,_19052_,4.148819
_18345_,_19040_,4.148964
_18345_,_19050_,4.148964
_18345_,_19051_,4.148964
_18345_,_19071_,4.148964
_18345_,_19195_,4.150437
_18345_,_19242_,4.150434
_18345_,_19164_,4.150442
_18345_,_19225_,4.150442
_18345_,_19234_,4.150438
_18345_,_19235_,4.150439
_18345_,_18965_,4.151748
_18345_,_19029_,4.151748
_18345_,_19169_,4.151782
_18345_,_19170_,4.151781
_18345_,_19176_,4.151780
_18345_,_19191_,4.151783
_18345_,_19192_,4.151783
_18345_,_19199_,4.151785
_18345_,_19203_,4.151785
_18345_,_19205_,4.151785
_18345_,_19227_,4.151783
_18345_,_19229_,4.151784
_18345_,_19231_,4.151782
_18345_,_19245_,4.151784
_18345_,_19213_,4.151806
_18345_,_19249_,4.151806
_19188_,_19325_,4.187164
_17572_,_18971_,4.187871
_17572_,_18970_,4.187881
_17572_,_18962_,4.187928
_17572_,_19031_,4.187928
_17572_,_19026_,4.187939
_17572_,_18972_,4.187954
_17572_,_19033_,4.187965
_17572_,_19034_,4.191638
_17572_,_19066_,4.191638
_17572_,_19058_,4.191696
_17572_,_19061_,4.191696
_17572_,_19062_,4.191696
_17572_,_18380_,4.193825
_18962_,_19260_,4.199860
_18347_,_19065_,4.201389
_18347_,_19038_,4.202693
_17572_,_18381_,4.203663
_19060_,_19005_,4.205336
_18347_,_19209_,4.214276
_18347_,_19210_,4.214276
_18347_,_19216_,4.214276
_18347_,_19241_,4.214276
_18347_,_19248_,4.214276
_18347_,_18978_,4.214354
_18347_,_18980_,4.214354
_18347_,_19044_,4.214354
_18347_,_19073_,4.214354
_18347_,_19075_,4.214354
_18345_,_18903_,4.215683
_18347_,_18384_,4.216418
_18345_,_19321_,4.217038
_19156_,_18938_,4.251451
_18347_,_19184_,4.251846
_19284_,_18908_,4.257044
_19092_,_18844_,4.272139
_18347_,_19207_,4.280807
_18346_,_19129_,4.283031
_18346_,_18999_,4.284755
_18346_,_19257_,4.285436
_19060_,_19004_,4.290154
_18346_,_19127_,4.294452
_19028_,_19132_,4.314154
_18345_,_19089_,4.316058
_18346_,_18995_,4.316745
_18345_,_18905_,4.321843
_18345_,_19232_,4.325297
_18346_,_18837_,4.325323
_19186_,_19324_,4.327167
_18345_,_19082_,4.327651
_18345_,_19047_,4.327656
_19156_,_18940_,4.328838
_18345_,_19077_,4.328948
_18345_,_19078_,4.328955
_18345_,_19079_,4.328957
_18345_,_18982_,4.328964
_18345_,_19084_,4.328959
_18345_,_19088_,4.328959
_18345_,_18988_,4.328971
_18345_,_19045_,4.328969
_18345_,_19046_,4.328965
_18345_,_19206_,4.330570
_18345_,_19230_,4.330570
_18345_,_19238_,4.330570
_19220_,_18874_,4.332650
_18345_,_19154_,4.340151
_18345_,_19186_,4.340151
_18345_,_19188_,4.340151
_18345_,_19219_,4.340151
_18345_,_18964_,4.341493
_18346_,_18994_,4.350795
_18346_,_19250_,4.352100
_18346_,_19252_,4.352100
_18346_,_19002_,4.352150
_18346_,_19122_,4.356167
_19284_,_18907_,4.356294
_18346_,_19258_,4.357538
_18346_,_19254_,4.360087
_18346_,_19253_,4.360898
_18345_,_19166_,4.361864
_18345_,_19178_,4.361864
_18345_,_19198_,4.361874
_18345_,_19201_,4.361909
_18345_,_19208_,4.361909
_18345_,_19239_,4.361909
_18345_,_19240_,4.361909
_18345_,_19200_,4.361919
_18345_,_19233_,4.361919
_18345_,_19172_,4.361993
_18345_,_19236_,4.361993
_18345_,_19171_,4.362002
_18345_,_19173_,4.362002
_18345_,_19168_,4.365677
_18345_,_19226_,4.377849
_18345_,_19244_,4.378164
_19092_,_18843_,4.379854
_19220_,_18876_,4.381070
_18962_,_19259_,4.383532
_18346_,_18834_,4.387225
_18346_,_18840_,4.388513
_18347_,_18963_,4.396183
_18347_,_18968_,4.396183
_18347_,_19059_,4.396183
_18347_,_19161_,4.396183
_18345_,_18930_,4.396679
_18345_,_19315_,4.396679
_18345_,_19317_,4.397985
_18346_,_18842_,4.399721
_18345_,_18998_,4.399895
_19058_,_19003_,4.407103
_18346_,_18841_,4.412972
_18346_,_19124_,4.412974
_19284_,_18906_,4.424021
_18347_,_19163_,4.426221
_18347_,_19177_,4.426221
_18347_,_19202_,4.426221
_18347_,_19211_,4.426221
_18347_,_19217_,4.426221
_18347_,_19081_,4.426257
_18347_,_19174_,4.427526
_18347_,_19175_,4.427526
_18347_,_19181_,4.427526
_18346_,_19130_,4.445116
_18346_,_19131_,4.445116
_18347_,_19080_,4.454465
_18347_,_19179_,4.455736
_18347_,_19048_,4.455770
_18347_,_19165_,4.457041
_18347_,_19182_,4.457041
_18347_,_19196_,4.457041
_18347_,_19197_,4.457041
_18347_,_19237_,4.457041
_18346_,_19001_,4.458580
_18346_,_18997_,4.459884
_18346_,_19000_,4.459884
_18346_,_18838_,4.460492
_19220_,_18875_,4.467303
_19156_,_18937_,4.481117
_18345_,_19223_,4.489574
_18345_,_19155_,4.489590
_18345_,_19160_,4.489591
_18345_,_19189_,4.489587
_18345_,_19222_,4.489584
_18345_,_18967_,4.490884
_18345_,_19221_,4.490888
_18345_,_19224_,4.490886
_18345_,_18966_,4.490898
_18345_,_19156_,4.490898
_18345_,_19193_,4.490898
_18347_,_19162_,4.491054
_18347_,_19180_,4.491060
_18347_,_19183_,4.491060
_18347_,_19194_,4.491059
_18347_,_19243_,4.491055
_18347_,_19185_,4.491082
_18347_,_19247_,4.491082
_18347_,_19158_,4.492365
_18347_,_19159_,4.492365
_18347_,_19228_,4.492400
_18347_,_19246_,4.492401
_18347_,_19215_,4.492415
_18347_,_19214_,4.492423
_19186_,_19323_,4.492721
_18345_,_18867_,4.499619
_18345_,_18901_,4.499618
_18345_,_19027_,4.536447
_18345_,_19187_,4.536447
_18345_,_19190_,4.536447
_18345_,_19218_,4.536447
_18345_,_19220_,4.536447
_18345_,_19157_,4.537788
_18383_,_18345_,4.597496
_18866_,_18872_,4.615918
_18346_,_18870_,4.640362
_18346_,_19322_,4.647520
_19156_,_18936_,4.659553
_18345_,_18836_,4.660376
_18345_,_18899_,4.660878
_18345_,_18900_,4.660875
_19284_,_18904_,4.671221
_18347_,_18382_,4.681588
_18383_,_18347_,4.683894
_19028_,_19128_,4.688387
_18345_,_18931_,4.696122
_18345_,_18996_,4.696122
_18345_,_19255_,4.702393
_18383_,_18385_,4.708782
_19220_,_18873_,4.716490
_19314_,_17620_,4.722122
_19314_,_17621_,4.722122
_19314_,_17622_,4.722122
_19314_,_17623_,4.722122
_19314_,_17624_,4.722122
_19314_,_17625_,4.722122
_19314_,_17626_,4.722122
_19314_,_17627_,4.722122
_19314_,_17628_,4.722122
_19314_,_17632_,4.722122
_19314_,_17633_,4.722122
_19314_,_17634_,4.722122
_19314_,_17635_,4.722122
_19314_,_17636_,4.722122
_19314_,_17637_,4.722122
_19314_,_17652_,4.722122
_19314_,_17653_,4.722122
_19314_,_17654_,4.722122
_19314_,_17655_,4.722122
_19314_,_17656_,4.722122
_19314_,_17657_,4.722122
_19314_,_17658_,4.722122
_19314_,_17659_,4.722122
_19314_,_17660_,4.722122
_19314_,_17664_,4.722122
_19314_,_17665_,4.722122
_19314_,_17666_,4.722122
_19314_,_17667_,4.722122
_19314_,_17668_,4.722122
_19314_,_17684_,4.722122
_19314_,_17685_,4.722122
_19314_,_17686_,4.722122
_19314_,_17687_,4.722122
_19314_,_17688_,4.722122
_19314_,_17689_,4.722122
_19314_,_17690_,4.722122
_19314_,_17691_,4.722122
_19314_,_17692_,4.722122
_19314_,_17696_,4.722122
_19314_,_17697_,4.722122
_19314_,_17698_,4.722122
_19314_,_17699_,4.722122
_19314_,_17700_,4.722122
_19314_,_17716_,4.722122
_19314_,_17717_,4.722122
_19314_,_17718_,4.722122
_19314_,_17719_,4.722122
_19314_,_17720_,4.722122
_19314_,_17721_,4.722122
_19314_,_17722_,4.722122
_19314_,_17723_,4.722122
_19314_,_17724_,4.722122
_19314_,_17728_,4.722122
_19314_,_17729_,4.722122
_19314_,_17730_,4.722122
_19314_,_17731_,4.722122
_18346_,_18934_,4.723420
_18346_,_18866_,4.723568
_18346_,_18935_,4.723568
_18346_,_18902_,4.766743
_18346_,_18869_,4.779190
_18346_,_18871_,4.779190
_18346_,_18932_,4.779190
_18346_,_19126_,4.779190
_18346_,_19251_,4.779190
_18346_,_19256_,4.779190
_18345_,_19125_,4.781569
_18383_,_18346_,4.813440
_19092_,_18839_,4.818415
_18346_,_19318_,4.825044
_18346_,_18868_,4.918294
_18345_,_18933_,4.942464
_18345_,_19123_,4.942464
_18345_,_19316_,4.942464
_18346_,_19319_,4.943511
_18346_,_19320_,4.973188
_19314_,_17609_,4.996277
_19314_,_17610_,4.996277
_19314_,_17611_,4.996277
_19314_,_17612_,4.996277
_19314_,_17641_,4.996277
_19314_,_17642_,4.996277
_19314_,_17643_,4.996277
_19314_,_17644_,4.996277
_19314_,_17673_,4.996277
_19314_,_17674_,4.996277
_19314_,_17675_,4.996277
_19314_,_17676_,4.996277
_19314_,_17677_,4.996277
_19314_,_17705_,4.996277
_19314_,_17706_,4.996277
_19314_,_17707_,4.996277
_19314_,_17708_,4.996277
_19314_,_17737_,4.996277
_19314_,_17738_,4.996277
_19314_,_17739_,4.996277
_19314_,_17740_,4.996277
_19314_,_17741_,4.996277
_19314_,_17742_,4.996277
_19314_,_17743_,4.996277
_19314_,_17744_,4.996277
_19314_,_17745_,4.996277
_19314_,_17746_,4.996277
_19314_,_17769_,4.996277
_19314_,_17770_,4.996277
_19314_,_17771_,4.996277
_19314_,_17772_,4.996277
_19314_,_17773_,4.996277
_19314_,_17774_,4.996277
_19314_,_17775_,4.996277
_19314_,_17776_,4.996277
_19314_,_17777_,4.996277
_19314_,_17801_,4.996277
_19314_,_17802_,4.996277
_19314_,_17803_,4.996277
_19314_,_17804_,4.996277
_19314_,_17805_,4.996277
_19314_,_17806_,4.996277
_19314_,_17807_,4.996277
_19314_,_17808_,4.996277
_19314_,_17809_,4.996277
_19314_,_17810_,4.996277
_19314_,_17833_,4.996277
_19314_,_17834_,4.996277
_19314_,_17835_,4.996277
_19314_,_17836_,4.996277
_19314_,_17837_,4.996277
_19314_,_17838_,4.996277
_19314_,_17839_,4.996277
_19314_,_17840_,4.996277
_19314_,_17841_,4.996277
_19314_,_17629_,5.003632
_19314_,_17630_,5.003632
_19314_,_17631_,5.003632
_19314_,_17661_,5.003632
_19314_,_17662_,5.003632
_19314_,_17663_,5.003632
_19314_,_17693_,5.003632
_19314_,_17694_,5.003632
_19314_,_17695_,5.003632
_19314_,_17725_,5.003632
_19314_,_17726_,5.003632
_19314_,_17727_,5.003632
_19314_,_17752_,5.003632
_19314_,_17753_,5.003632
_19314_,_17754_,5.003632
_19314_,_17755_,5.003632
_19314_,_17756_,5.003632
_19314_,_17757_,5.003632
_19314_,_17758_,5.003632
_19314_,_17759_,5.003632
_19314_,_17760_,5.003632
_19314_,_17761_,5.003632
_19314_,_17783_,5.003632
_19314_,_17784_,5.003632
_19314_,_17785_,5.003632
_19314_,_17786_,5.003632
_19314_,_17787_,5.003632
_19314_,_17788_,5.003632
_19314_,_17789_,5.003632
_19314_,_17790_,5.003632
_19314_,_17791_,5.003632
_19314_,_17792_,5.003632
_19314_,_17816_,5.003632
_19314_,_17817_,5.003632
_19314_,_17818_,5.003632
_19314_,_17819_,5.003632
_19314_,_17820_,5.003632
_19314_,_17821_,5.003632
_19314_,_17822_,5.003632
_19314_,_17823_,5.003632
_19314_,_17824_,5.003632
_19314_,_17825_,5.003632
_19314_,_17848_,5.003632
_19314_,_17849_,5.003632
_19314_,_17850_,5.003632
_19314_,_17851_,5.003632
_19314_,_17852_,5.003632
_19314_,_17853_,5.003632
_19314_,_17854_,5.003632
_19314_,_17855_,5.003632
_19314_,_17856_,5.003632
_19314_,_17857_,5.003632
_19314_,_17858_,5.003632
_19314_,_17859_,5.003632
_19314_,_17613_,5.007750
_19314_,_17614_,5.007750
_19314_,_17615_,5.007750
_19314_,_17616_,5.007750
_19314_,_17617_,5.007750
_19314_,_17618_,5.007750
_19314_,_17619_,5.007750
_19314_,_17638_,5.007750
_19314_,_17639_,5.007750
_19314_,_17640_,5.007750
_19314_,_17645_,5.007750
_19314_,_17646_,5.007750
_19314_,_17647_,5.007750
_19314_,_17648_,5.007750
_19314_,_17649_,5.007750
_19314_,_17650_,5.007750
_19314_,_17651_,5.007750
_19314_,_17669_,5.007750
_19314_,_17670_,5.007750
_19314_,_17671_,5.007750
_19314_,_17672_,5.007750
_19314_,_17678_,5.007750
_19314_,_17679_,5.007750
_19314_,_17680_,5.007750
_19314_,_17681_,5.007750
_19314_,_17682_,5.007750
_19314_,_17683_,5.007750
_19314_,_17701_,5.007750
_19314_,_17702_,5.007750
_19314_,_17703_,5.007750
_19314_,_17704_,5.007750
_19314_,_17709_,5.007750
_19314_,_17710_,5.007750
_19314_,_17711_,5.007750
_19314_,_17712_,5.007750
_19314_,_17713_,5.007750
_19314_,_17714_,5.007750
_19314_,_17715_,5.007750
_19314_,_17732_,5.007750
_19314_,_17733_,5.007750
_19314_,_17734_,5.007750
_19314_,_17735_,5.007750
_19314_,_17736_,5.007750
_19314_,_17747_,5.007750
_19314_,_17748_,5.007750
_19314_,_17811_,5.007750
_19314_,_17812_,5.007750
_19314_,_17842_,5.007750
_19314_,_17843_,5.007750
_19314_,_17844_,5.007750
_17572_,_19314_,5.060836
_19314_,_17798_,5.289931
_19314_,_17846_,5.289928
_19314_,_17861_,5.289928
_19314_,_17778_,5.289937
_19314_,_17779_,5.289932
_19314_,_17780_,5.289941
_19314_,_17862_,5.289937
_19314_,_17814_,5.289944
_19314_,_17826_,5.289939
_19314_,_17847_,5.289941
_19314_,_17782_,5.289951
_19314_,_17830_,5.289950
_19314_,_17768_,5.289962
_19314_,_17796_,5.289958
_19314_,_17828_,5.289958
_19314_,_17832_,5.289961
_19314_,_17749_,5.289970
_19314_,_17750_,5.289975
_19314_,_17763_,5.289970
_19314_,_17766_,5.289974
_19314_,_17767_,5.289970
_19314_,_17793_,5.289970
_19314_,_17797_,5.289970
_19314_,_17799_,5.289970
_19314_,_17800_,5.289969
_19314_,_17815_,5.289973
_19314_,_17829_,5.289970
_19314_,_17845_,5.289970
_19314_,_17860_,5.289968
_19314_,_17863_,5.289969
_19314_,_17751_,5.289980
_19314_,_17764_,5.289980
_19314_,_17794_,5.289980
_19314_,_17831_,5.289981
_19314_,_17864_,5.289989
_19314_,_17762_,5.290002
_19314_,_17765_,5.290002
_19314_,_17781_,5.289999
_19314_,_17795_,5.290002
_19314_,_17813_,5.290002
_19314_,_17827_,5.290002
_19314_,_17608_,5.351171
_17607_,_17607_,5.651523
_19353_,_19353_,5.652004
_19365_,_19365_,5.652719
_19370_,_19370_,5.725859
_17883_,_17883_,5.734674
_17868_,_17868_,5.734893
_17934_,_17934_,5.737101
_17940_,_17940_,5.737101
_19361_,_19361_,5.745721
_19373_,_19373_,5.745842
_19375_,_19375_,5.745842
_19360_,_19360_,5.746139
_19374_,_19374_,5.746181
_19376_,_19376_,5.746181
_19363_,_19363_,5.746358
_19368_,_19368_,5.746358
_19372_,_19372_,5.746358
_19377_,_19377_,5.746358
_19355_,_19355_,5.746697
_19366_,_19366_,5.746697
_19367_,_19367_,5.746697
_19369_,_19369_,5.746697
_19352_,_19352_,5.746789
_19354_,_19354_,5.746789
_19351_,_19351_,5.746846
_19348_,_19348_,5.746889
_19378_,_19378_,5.746938
_19347_,_19347_,5.746967
_19357_,_19357_,5.746967
_19362_,_19362_,5.746967
_19364_,_19364_,5.747087
_19356_,_19356_,5.747306
_19359_,_19359_,5.747306
_19371_,_19371_,5.747306
_19358_,_19358_,5.747547
_19350_,_19350_,5.747554
_19349_,_19349_,5.747915
_18026_,_18026_,5.750863
_18044_,_18044_,5.750863
_18052_,_18052_,5.750863
_18132_,_18132_,5.750863
_18162_,_18162_,5.750863
_18168_,_18168_,5.750863
_18171_,_18171_,5.750863
_18201_,_18201_,5.750863
_18206_,_18206_,5.750863
_18230_,_18230_,5.750863
_18278_,_18278_,5.750863
_18279_,_18279_,5.750863
_18289_,_18289_,5.750863
_18295_,_18295_,5.750863
_18319_,_18319_,5.750863
_18320_,_18320_,5.750863
_18344_,_18344_,5.750863
_17930_,_17930_,5.750931
_17939_,_17939_,5.750931
_17954_,_17954_,5.750931
_18130_,_18130_,5.750931
_18138_,_18138_,5.750931
_18144_,_18144_,5.750931
_18156_,_18156_,5.750931
_18217_,_18217_,5.750931
_17869_,_17869_,5.751134
_17870_,_17870_,5.751134
_17874_,_17874_,5.751134
_17875_,_17875_,5.751134
_17886_,_17886_,5.751134
_17888_,_17888_,5.751134
_17894_,_17894_,5.751134
_17895_,_17895_,5.751134
_17896_,_17896_,5.751134
_18122_,_18122_,5.751147
_17871_,_17871_,5.751209
_17900_,_17900_,5.751222
_17952_,_17952_,5.751222
_17994_,_17994_,5.751242
_17995_,_17995_,5.751242
_17996_,_17996_,5.751242
_18002_,_18002_,5.751242
_18016_,_18016_,5.751242
_18021_,_18021_,5.751242
_17897_,_17897_,5.751262
_17898_,_17898_,5.751262
_17905_,_17905_,5.751262
_17906_,_17906_,5.751262
_17907_,_17907_,5.751262
_17909_,_17909_,5.751262
_17914_,_17914_,5.751262
_17915_,_17915_,5.751262
_17916_,_17916_,5.751262
_17917_,_17917_,5.751262
_17918_,_17918_,5.751262
_17919_,_17919_,5.751262
_17920_,_17920_,5.751262
_17922_,_17922_,5.751262
_17923_,_17923_,5.751262
_17924_,_17924_,5.751262
_17929_,_17929_,5.751262
_17932_,_17932_,5.751262
_17942_,_17942_,5.751262
_17945_,_17945_,5.751262
_17947_,_17947_,5.751262
_17951_,_17951_,5.751262
_17960_,_17960_,5.751262
_17962_,_17962_,5.751262
_17963_,_17963_,5.751262
_17966_,_17966_,5.751262
_17967_,_17967_,5.751262
_17968_,_17968_,5.751262
_17970_,_17970_,5.751262
_17971_,_17971_,5.751262
_17972_,_17972_,5.751262
_17976_,_17976_,5.751262
_17977_,_17977_,5.751262
_17978_,_17978_,5.751262
_17980_,_17980_,5.751262
_17984_,_17984_,5.751262
_17985_,_17985_,5.751262
_17986_,_17986_,5.751262
_17989_,_17989_,5.751262
_18032_,_18032_,5.751276
_18042_,_18042_,5.751276
_18081_,_18081_,5.751276
_18083_,_18083_,5.751276
_18090_,_18090_,5.751276
_18093_,_18093_,5.751276
_18094_,_18094_,5.751276
_18095_,_18095_,5.751276
_18096_,_18096_,5.751276
_18099_,_18099_,5.751276
_18100_,_18100_,5.751276
_18104_,_18104_,5.751276
_18106_,_18106_,5.751276
_18110_,_18110_,5.751276
_18112_,_18112_,5.751276
_18114_,_18114_,5.751276
_18117_,_18117_,5.751276
_18118_,_18118_,5.751276
_18120_,_18120_,5.751276
_18188_,_18188_,5.751276
_18193_,_18193_,5.751276
_18290_,_18290_,5.751276
_18293_,_18293_,5.751276
_18301_,_18301_,5.751276
_18306_,_18306_,5.751276
_17902_,_17902_,5.751391
_17903_,_17903_,5.751391
_17904_,_17904_,5.751391
_17910_,_17910_,5.751391
_17911_,_17911_,5.751391
_17921_,_17921_,5.751391
_17925_,_17925_,5.751391
_17931_,_17931_,5.751391
_17933_,_17933_,5.751391
_17937_,_17937_,5.751391
_17938_,_17938_,5.751391
_17941_,_17941_,5.751391
_17943_,_17943_,5.751391
_17944_,_17944_,5.751391
_17946_,_17946_,5.751391
_17949_,_17949_,5.751391
_17950_,_17950_,5.751391
_17953_,_17953_,5.751391
_17955_,_17955_,5.751391
_17956_,_17956_,5.751391
_17957_,_17957_,5.751391
_17958_,_17958_,5.751391
_17959_,_17959_,5.751391
_17961_,_17961_,5.751391
_17964_,_17964_,5.751391
_17965_,_17965_,5.751391
_17973_,_17973_,5.751391
_17974_,_17974_,5.751391
_17981_,_17981_,5.751391
_17988_,_17988_,5.751391
_17992_,_17992_,5.751391
_18012_,_18012_,5.751391
_18027_,_18027_,5.751391
_18029_,_18029_,5.751391
_18030_,_18030_,5.751391
_18031_,_18031_,5.751391
_18033_,_18033_,5.751391
_18034_,_18034_,5.751391
_18037_,_18037_,5.751391
_18039_,_18039_,5.751391
_18040_,_18040_,5.751391
_18041_,_18041_,5.751391
_18043_,_18043_,5.751391
_18047_,_18047_,5.751391
_18049_,_18049_,5.751391
_18051_,_18051_,5.751391
_18054_,_18054_,5.751391
_18056_,_18056_,5.751391
_18057_,_18057_,5.751391
_18059_,_18059_,5.751391
_18061_,_18061_,5.751391
_18073_,_18073_,5.751391
_18076_,_18076_,5.751391
_18080_,_18080_,5.751391
_18084_,_18084_,5.751391
_18085_,_18085_,5.751391
_18089_,_18089_,5.751391
_18092_,_18092_,5.751391
_18097_,_18097_,5.751391
_18098_,_18098_,5.751391
_18101_,_18101_,5.751391
_18105_,_18105_,5.751391
_18107_,_18107_,5.751391
_18108_,_18108_,5.751391
_18109_,_18109_,5.751391
_18111_,_18111_,5.751391
_18113_,_18113_,5.751391
_18115_,_18115_,5.751391
_18163_,_18163_,5.751391
_18165_,_18165_,5.751391
_18170_,_18170_,5.751391
_18173_,_18173_,5.751391
_18178_,_18178_,5.751391
_18185_,_18185_,5.751391
_18187_,_18187_,5.751391
_18191_,_18191_,5.751391
_18192_,_18192_,5.751391
_18195_,_18195_,5.751391
_18198_,_18198_,5.751391
_18199_,_18199_,5.751391
_18200_,_18200_,5.751391
_18203_,_18203_,5.751391
_18204_,_18204_,5.751391
_18205_,_18205_,5.751391
_18207_,_18207_,5.751391
_18208_,_18208_,5.751391
_18213_,_18213_,5.751391
_18214_,_18214_,5.751391
_18215_,_18215_,5.751391
_18216_,_18216_,5.751391
_18220_,_18220_,5.751391
_18228_,_18228_,5.751391
_18231_,_18231_,5.751391
_18232_,_18232_,5.751391
_18238_,_18238_,5.751391
_18242_,_18242_,5.751391
_18247_,_18247_,5.751391
_18248_,_18248_,5.751391
_18282_,_18282_,5.751391
_18283_,_18283_,5.751391
_18284_,_18284_,5.751391
_18285_,_18285_,5.751391
_18286_,_18286_,5.751391
_18287_,_18287_,5.751391
_18288_,_18288_,5.751391
_18292_,_18292_,5.751391
_18294_,_18294_,5.751391
_18297_,_18297_,5.751391
_18298_,_18298_,5.751391
_18299_,_18299_,5.751391
_18300_,_18300_,5.751391
_18302_,_18302_,5.751391
_18303_,_18303_,5.751391
_18305_,_18305_,5.751391
_18307_,_18307_,5.751391
_18308_,_18308_,5.751391
_18310_,_18310_,5.751391
_18311_,_18311_,5.751391
_18312_,_18312_,5.751391
_18314_,_18314_,5.751391
_18318_,_18318_,5.751391
_18321_,_18321_,5.751391
_18324_,_18324_,5.751391
_18331_,_18331_,5.751391
_18334_,_18334_,5.751391
_18335_,_18335_,5.751391
_18340_,_18340_,5.751391
_18342_,_18342_,5.751391
_17866_,_17866_,5.751418
_17867_,_17867_,5.751418
_17876_,_17876_,5.751418
_17877_,_17877_,5.751418
_17878_,_17878_,5.751418
_17879_,_17879_,5.751418
_17881_,_17881_,5.751418
_17882_,_17882_,5.751418
_17884_,_17884_,5.751418
_17885_,_17885_,5.751418
_17887_,_17887_,5.751418
_17889_,_17889_,5.751418
_17890_,_17890_,5.751418
_17891_,_17891_,5.751418
_17892_,_17892_,5.751418
_17893_,_17893_,5.751418
_18003_,_18003_,5.751479
_18007_,_18007_,5.751479
_18020_,_18020_,5.751479
_18023_,_18023_,5.751479
_18123_,_18123_,5.751479
_18126_,_18126_,5.751479
_18128_,_18128_,5.751479
_18129_,_18129_,5.751479
_18134_,_18134_,5.751479
_18150_,_18150_,5.751479
_18151_,_18151_,5.751479
_17899_,_17899_,5.751716
_17901_,_17901_,5.751716
_17912_,_17912_,5.751716
_17913_,_17913_,5.751716
_17926_,_17926_,5.751716
_17927_,_17927_,5.751716
_17928_,_17928_,5.751716
_17969_,_17969_,5.751716
_17975_,_17975_,5.751716
_17979_,_17979_,5.751716
_17982_,_17982_,5.751716
_17983_,_17983_,5.751716
_17987_,_17987_,5.751716
_17990_,_17990_,5.751716
_17991_,_17991_,5.751716
_17993_,_17993_,5.751716
_17997_,_17997_,5.751716
_17999_,_17999_,5.751716
_18000_,_18000_,5.751716
_18004_,_18004_,5.751716
_18005_,_18005_,5.751716
_18006_,_18006_,5.751716
_18008_,_18008_,5.751716
_18010_,_18010_,5.751716
_18013_,_18013_,5.751716
_18014_,_18014_,5.751716
_18018_,_18018_,5.751716
_18024_,_18024_,5.751716
_18045_,_18045_,5.751716
_18048_,_18048_,5.751716
_18058_,_18058_,5.751716
_18060_,_18060_,5.751716
_18062_,_18062_,5.751716
_18063_,_18063_,5.751716
_18064_,_18064_,5.751716
_18065_,_18065_,5.751716
_18066_,_18066_,5.751716
_18068_,_18068_,5.751716
_18069_,_18069_,5.751716
_18070_,_18070_,5.751716
_18071_,_18071_,5.751716
_18075_,_18075_,5.751716
_18077_,_18077_,5.751716
_18078_,_18078_,5.751716
_18079_,_18079_,5.751716
_18087_,_18087_,5.751716
_18088_,_18088_,5.751716
_18121_,_18121_,5.751716
_18124_,_18124_,5.751716
_18127_,_18127_,5.751716
_18131_,_18131_,5.751716
_18135_,_18135_,5.751716
_18137_,_18137_,5.751716
_18139_,_18139_,5.751716
_18140_,_18140_,5.751716
_18142_,_18142_,5.751716
_18143_,_18143_,5.751716
_18146_,_18146_,5.751716
_18148_,_18148_,5.751716
_18149_,_18149_,5.751716
_18152_,_18152_,5.751716
_18153_,_18153_,5.751716
_18154_,_18154_,5.751716
_18155_,_18155_,5.751716
_18158_,_18158_,5.751716
_18161_,_18161_,5.751716
_18164_,_18164_,5.751716
_18166_,_18166_,5.751716
_18167_,_18167_,5.751716
_18172_,_18172_,5.751716
_18174_,_18174_,5.751716
_18177_,_18177_,5.751716
_18179_,_18179_,5.751716
_18180_,_18180_,5.751716
_18181_,_18181_,5.751716
_18182_,_18182_,5.751716
_18183_,_18183_,5.751716
_18189_,_18189_,5.751716
_18197_,_18197_,5.751716
_18202_,_18202_,5.751716
_18209_,_18209_,5.751716
_18211_,_18211_,5.751716
_18219_,_18219_,5.751716
_18221_,_18221_,5.751716
_18222_,_18222_,5.751716
_18223_,_18223_,5.751716
_18224_,_18224_,5.751716
_18229_,_18229_,5.751716
_18233_,_18233_,5.751716
_18234_,_18234_,5.751716
_18235_,_18235_,5.751716
_18236_,_18236_,5.751716
_18237_,_18237_,5.751716
_18239_,_18239_,5.751716
_18244_,_18244_,5.751716
_18245_,_18245_,5.751716
_18246_,_18246_,5.751716
_18251_,_18251_,5.751716
_18252_,_18252_,5.751716
_18253_,_18253_,5.751716
_18254_,_18254_,5.751716
_18255_,_18255_,5.751716
_18258_,_18258_,5.751716
_18259_,_18259_,5.751716
_18262_,_18262_,5.751716
_18264_,_18264_,5.751716
_18265_,_18265_,5.751716
_18268_,_18268_,5.751716
_18272_,_18272_,5.751716
_18273_,_18273_,5.751716
_18274_,_18274_,5.751716
_18275_,_18275_,5.751716
_18276_,_18276_,5.751716
_18277_,_18277_,5.751716
_18280_,_18280_,5.751716
_18281_,_18281_,5.751716
_18296_,_18296_,5.751716
_18313_,_18313_,5.751716
_18315_,_18315_,5.751716
_18316_,_18316_,5.751716
_18322_,_18322_,5.751716
_18323_,_18323_,5.751716
_18326_,_18326_,5.751716
_18327_,_18327_,5.751716
_18328_,_18328_,5.751716
_18329_,_18329_,5.751716
_18337_,_18337_,5.751716
_18339_,_18339_,5.751716
_18341_,_18341_,5.751716
_18343_,_18343_,5.751716
_18175_,_18175_,5.751722
_17908_,_17908_,5.751750
_18028_,_18028_,5.751946
_18053_,_18053_,5.751946
_18067_,_18067_,5.751946
_18072_,_18072_,5.751946
_18086_,_18086_,5.751946
_18157_,_18157_,5.751946
_18159_,_18159_,5.751946
_18160_,_18160_,5.751946
_18190_,_18190_,5.751946
_18210_,_18210_,5.751946
_18226_,_18226_,5.751946
_18240_,_18240_,5.751946
_18241_,_18241_,5.751946
_18243_,_18243_,5.751946
_18250_,_18250_,5.751946
_18256_,_18256_,5.751946
_18257_,_18257_,5.751946
_18261_,_18261_,5.751946
_18263_,_18263_,5.751946
_18266_,_18266_,5.751946
_18269_,_18269_,5.751946
_18270_,_18270_,5.751946
_18317_,_18317_,5.751946
_18330_,_18330_,5.751946
_18336_,_18336_,5.751946
_18338_,_18338_,5.751946
_17935_,_17935_,5.752297
_17936_,_17936_,5.752297
_17948_,_17948_,5.752297
_17998_,_17998_,5.752297
_18001_,_18001_,5.752297
_18009_,_18009_,5.752297
_18011_,_18011_,5.752297
_18015_,_18015_,5.752297
_18017_,_18017_,5.752297
_18019_,_18019_,5.752297
_18022_,_18022_,5.752297
_18025_,_18025_,5.752297
_18035_,_18035_,5.752297
_18036_,_18036_,5.752297
_18038_,_18038_,5.752297
_18046_,_18046_,5.752297
_18050_,_18050_,5.752297
_18055_,_18055_,5.752297
_18074_,_18074_,5.752297
_18082_,_18082_,5.752297
_18091_,_18091_,5.752297
_18102_,_18102_,5.752297
_18103_,_18103_,5.752297
_18116_,_18116_,5.752297
_18119_,_18119_,5.752297
_18136_,_18136_,5.752297
_18169_,_18169_,5.752297
_18176_,_18176_,5.752297
_18184_,_18184_,5.752297
_18186_,_18186_,5.752297
_18194_,_18194_,5.752297
_18212_,_18212_,5.752297
_18218_,_18218_,5.752297
_18225_,_18225_,5.752297
_18227_,_18227_,5.752297
_18249_,_18249_,5.752297
_18267_,_18267_,5.752297
_18271_,_18271_,5.752297
_18291_,_18291_,5.752297
_18304_,_18304_,5.752297
_18309_,_18309_,5.752297
_18325_,_18325_,5.752297
_18332_,_18332_,5.752297
_18333_,_18333_,5.752297
_18345_,_17606_,5.753581
_18196_,_18196_,5.756188
_18260_,_18260_,5.756357
_17865_,_17865_,5.756993
_17872_,_17872_,5.756993
_17873_,_17873_,5.756993
_17880_,_17880_,5.756993
_18125_,_18125_,5.757473
_18133_,_18133_,5.757473
_18141_,_18141_,5.757473
_18145_,_18145_,5.757473
_18147_,_18147_,5.757473
_17673_,_17673_,-0.051193
_17675_,_17675_,-0.051193
_17805_,_17805_,-0.051193
_17806_,_17806_,-0.051193
_17809_,_17809_,-0.051193
_17641_,_17641_,-0.050863
_17643_,_17643_,-0.050863
_17773_,_17773_,-0.050863
_17774_,_17774_,-0.050863
_17777_,_17777_,-0.050863
_17609_,_17609_,-0.050775
_17611_,_17611_,-0.050775
_17741_,_17741_,-0.050775
_17742_,_17742_,-0.050775
_17745_,_17745_,-0.050775
_17664_,_17664_,-0.050422
_17705_,_17705_,-0.050158
_17707_,_17707_,-0.050158
_17837_,_17837_,-0.050158
_17838_,_17838_,-0.050158
_17841_,_17841_,-0.050158
_17610_,_17610_,-0.049608
_17740_,_17740_,-0.049608
_17744_,_17744_,-0.049608
_17746_,_17746_,-0.049608
_17624_,_17624_,-0.049608
_17632_,_17632_,-0.049608
_17753_,_17753_,-0.049607
_17640_,_17640_,-0.049607
_17768_,_17768_,-0.049588
_17770_,_17770_,-0.047571
_17783_,_17783_,-0.047571
_17786_,_17786_,-0.047571
_17787_,_17787_,-0.047571
_17788_,_17788_,-0.047571
_17790_,_17790_,-0.047571
_17791_,_17791_,-0.047571
_17779_,_17779_,-0.047551
_17781_,_17781_,-0.047551
_17782_,_17782_,-0.047551
_17793_,_17793_,-0.047551
_17794_,_17794_,-0.047551
_17795_,_17795_,-0.047551
_17796_,_17796_,-0.047551
_17797_,_17797_,-0.047551
_17798_,_17798_,-0.047551
_17799_,_17799_,-0.047551
_17738_,_17738_,-0.047362
_17754_,_17754_,-0.047361
_17755_,_17755_,-0.047361
_17756_,_17756_,-0.047361
_17758_,_17758_,-0.047361
_17759_,_17759_,-0.047361
_17761_,_17761_,-0.047361
_17747_,_17747_,-0.047361
_17749_,_17749_,-0.047342
_17750_,_17750_,-0.047342
_17751_,_17751_,-0.047342
_17762_,_17762_,-0.047342
_17763_,_17763_,-0.047342
_17764_,_17764_,-0.047342
_17765_,_17765_,-0.047342
_17766_,_17766_,-0.047342
_17767_,_17767_,-0.047342
_17802_,_17802_,-0.046844
_17818_,_17818_,-0.046844
_17819_,_17819_,-0.046844
_17820_,_17820_,-0.046844
_17822_,_17822_,-0.046844
_17823_,_17823_,-0.046844
_17825_,_17825_,-0.046844
_17811_,_17811_,-0.046844
_17813_,_17813_,-0.046825
_17814_,_17814_,-0.046825
_17815_,_17815_,-0.046825
_17826_,_17826_,-0.046825
_17827_,_17827_,-0.046825
_17828_,_17828_,-0.046825
_17829_,_17829_,-0.046825
_17830_,_17830_,-0.046825
_17831_,_17831_,-0.046825
_17834_,_17834_,-0.046701
_17850_,_17850_,-0.046701
_17851_,_17851_,-0.046701
_17852_,_17852_,-0.046701
_17854_,_17854_,-0.046701
_17855_,_17855_,-0.046701
_17857_,_17857_,-0.046701
_17858_,_17858_,-0.046701
_17859_,_17859_,-0.046701
_17843_,_17843_,-0.046701
_17845_,_17845_,-0.046682
_17846_,_17846_,-0.046682
_17847_,_17847_,-0.046682
_17860_,_17860_,-0.046682
_17861_,_17861_,-0.046682
_17862_,_17862_,-0.046682
_17863_,_17863_,-0.046682
_17644_,_17644_,-0.041490
_17769_,_17769_,-0.041490
_17652_,_17652_,-0.041490
_17653_,_17653_,-0.041490
_17654_,_17654_,-0.041490
_17655_,_17655_,-0.041490
_17658_,_17658_,-0.041490
_17659_,_17659_,-0.041490
_17660_,_17660_,-0.041490
_17665_,_17665_,-0.041490
_17666_,_17666_,-0.041490
_17667_,_17667_,-0.041490
_17668_,_17668_,-0.041490
_17721_,_17721_,-0.041490
_17661_,_17661_,-0.041490
_17662_,_17662_,-0.041490
_17663_,_17663_,-0.041490
_17784_,_17784_,-0.041490
_17789_,_17789_,-0.041490
_17616_,_17616_,-0.041490
_17647_,_17647_,-0.041490
_17649_,_17649_,-0.041490
_17650_,_17650_,-0.041490
_17651_,_17651_,-0.041490
_17669_,_17669_,-0.041490
_17670_,_17670_,-0.041490
_17671_,_17671_,-0.041490
_17709_,_17709_,-0.041490
_17710_,_17710_,-0.041490
_17780_,_17780_,-0.041471
_17612_,_17612_,-0.041424
_17706_,_17706_,-0.041424
_17739_,_17739_,-0.041424
_17771_,_17771_,-0.041424
_17775_,_17775_,-0.041424
_17776_,_17776_,-0.041424
_17836_,_17836_,-0.041424
_17839_,_17839_,-0.041424
_17656_,_17656_,-0.041424
_17728_,_17728_,-0.041424
_17752_,_17752_,-0.041423
_17757_,_17757_,-0.041423
_17792_,_17792_,-0.041423
_17849_,_17849_,-0.041423
_17856_,_17856_,-0.041423
_17617_,_17617_,-0.041423
_17618_,_17618_,-0.041423
_17648_,_17648_,-0.041423
_17736_,_17736_,-0.041423
_17748_,_17748_,-0.041423
_17778_,_17778_,-0.041404
_17864_,_17864_,-0.041404
_17785_,_17785_,-0.041300
_17677_,_17677_,-0.040988
_17708_,_17708_,-0.040988
_17833_,_17833_,-0.040988
_17687_,_17687_,-0.040988
_17689_,_17689_,-0.040988
_17699_,_17699_,-0.040988
_17716_,_17716_,-0.040988
_17717_,_17717_,-0.040988
_17718_,_17718_,-0.040988
_17722_,_17722_,-0.040988
_17723_,_17723_,-0.040988
_17724_,_17724_,-0.040988
_17729_,_17729_,-0.040988
_17730_,_17730_,-0.040988
_17725_,_17725_,-0.040988
_17726_,_17726_,-0.040988
_17727_,_17727_,-0.040988
_17821_,_17821_,-0.040988
_17848_,_17848_,-0.040988
_17678_,_17678_,-0.040987
_17679_,_17679_,-0.040987
_17680_,_17680_,-0.040987
_17683_,_17683_,-0.040987
_17701_,_17701_,-0.040987
_17703_,_17703_,-0.040987
_17713_,_17713_,-0.040987
_17714_,_17714_,-0.040987
_17732_,_17732_,-0.040987
_17734_,_17734_,-0.040987
_17812_,_17812_,-0.040987
_17737_,_17737_,-0.040798
_17620_,_17620_,-0.040798
_17621_,_17621_,-0.040798
_17622_,_17622_,-0.040798
_17623_,_17623_,-0.040798
_17625_,_17625_,-0.040798
_17626_,_17626_,-0.040798
_17627_,_17627_,-0.040798
_17628_,_17628_,-0.040798
_17633_,_17633_,-0.040798
_17634_,_17634_,-0.040798
_17635_,_17635_,-0.040798
_17636_,_17636_,-0.040798
_17637_,_17637_,-0.040798
_17629_,_17629_,-0.040798
_17630_,_17630_,-0.040798
_17631_,_17631_,-0.040798
_17613_,_17613_,-0.040798
_17614_,_17614_,-0.040798
_17615_,_17615_,-0.040798
_17619_,_17619_,-0.040798
_17638_,_17638_,-0.040798
_17639_,_17639_,-0.040798
_17642_,_17642_,-0.040590
_17772_,_17772_,-0.040590
_17801_,_17801_,-0.040590
_17808_,_17808_,-0.040590
_17657_,_17657_,-0.040590
_17684_,_17684_,-0.040590
_17685_,_17685_,-0.040590
_17686_,_17686_,-0.040590
_17690_,_17690_,-0.040590
_17691_,_17691_,-0.040590
_17692_,_17692_,-0.040590
_17697_,_17697_,-0.040590
_17698_,_17698_,-0.040590
_17700_,_17700_,-0.040590
_17719_,_17719_,-0.040590
_17720_,_17720_,-0.040590
_17731_,_17731_,-0.040590
_17693_,_17693_,-0.040590
_17694_,_17694_,-0.040590
_17695_,_17695_,-0.040590
_17645_,_17645_,-0.040589
_17646_,_17646_,-0.040589
_17672_,_17672_,-0.040589
_17702_,_17702_,-0.040589
_17711_,_17711_,-0.040589
_17715_,_17715_,-0.040589
_17733_,_17733_,-0.040589
_17735_,_17735_,-0.040589
_17842_,_17842_,-0.040589
_17800_,_17800_,-0.040570
_17674_,_17674_,-0.040505
_17676_,_17676_,-0.040505
_17743_,_17743_,-0.040505
_17803_,_17803_,-0.040505
_17804_,_17804_,-0.040505
_17807_,_17807_,-0.040505
_17810_,_17810_,-0.040505
_17835_,_17835_,-0.040505
_17840_,_17840_,-0.040505
_17688_,_17688_,-0.040504
_17696_,_17696_,-0.040504
_17760_,_17760_,-0.040504
_17816_,_17816_,-0.040504
_17817_,_17817_,-0.040504
_17824_,_17824_,-0.040504
_17853_,_17853_,-0.040504
_17681_,_17681_,-0.040504
_17682_,_17682_,-0.040504
_17704_,_17704_,-0.040504
_17712_,_17712_,-0.040504
_17844_,_17844_,-0.040504
_17832_,_17832_,-0.040485
_18125_,_18125_,-0.035036
_18133_,_18133_,-0.035036
_18141_,_18141_,-0.035036
_18145_,_18145_,-0.035036
_18147_,_18147_,-0.035036
_18260_,_18260_,-0.033832
_18196_,_18196_,-0.033595
_17865_,_17865_,-0.033330
_17872_,_17872_,-0.033330
_17873_,_17873_,-0.033330
_17880_,_17880_,-0.033330
_17908_,_17908_,-0.026422
_17900_,_17900_,-0.025797
_17952_,_17952_,-0.025797
_17897_,_17897_,-0.025721
_17898_,_17898_,-0.025721
_17905_,_17905_,-0.025721
_17906_,_17906_,-0.025721
_17907_,_17907_,-0.025721
_17909_,_17909_,-0.025721
_17914_,_17914_,-0.025721
_17915_,_17915_,-0.025721
_17916_,_17916_,-0.025721
_17917_,_17917_,-0.025721
_17918_,_17918_,-0.025721
_17919_,_17919_,-0.025721
_17920_,_17920_,-0.025721
_17922_,_17922_,-0.025721
_17923_,_17923_,-0.025721
_17924_,_17924_,-0.025721
_17929_,_17929_,-0.025721
_17932_,_17932_,-0.025721
_17935_,_17935_,-0.025721
_17936_,_17936_,-0.025721
_17942_,_17942_,-0.025721
_17945_,_17945_,-0.025721
_17947_,_17947_,-0.025721
_17948_,_17948_,-0.025721
_17951_,_17951_,-0.025721
_17960_,_17960_,-0.025721
_17962_,_17962_,-0.025721
_17963_,_17963_,-0.025721
_17966_,_17966_,-0.025721
_17967_,_17967_,-0.025721
_17968_,_17968_,-0.025721
_17970_,_17970_,-0.025721
_17971_,_17971_,-0.025721
_17972_,_17972_,-0.025721
_17976_,_17976_,-0.025721
_17977_,_17977_,-0.025721
_17978_,_17978_,-0.025721
_17980_,_17980_,-0.025721
_17984_,_17984_,-0.025721
_17985_,_17985_,-0.025721
_17986_,_17986_,-0.025721
_17989_,_17989_,-0.025721
_17998_,_17998_,-0.025721
_18001_,_18001_,-0.025721
_18009_,_18009_,-0.025721
_18011_,_18011_,-0.025721
_18015_,_18015_,-0.025721
_18017_,_18017_,-0.025721
_18019_,_18019_,-0.025721
_18022_,_18022_,-0.025721
_18025_,_18025_,-0.025721
_18035_,_18035_,-0.025721
_18036_,_18036_,-0.025721
_18038_,_18038_,-0.025721
_18046_,_18046_,-0.025721
_18050_,_18050_,-0.025721
_18055_,_18055_,-0.025721
_18074_,_18074_,-0.025721
_18082_,_18082_,-0.025721
_18091_,_18091_,-0.025721
_18102_,_18102_,-0.025721
_18103_,_18103_,-0.025721
_18116_,_18116_,-0.025721
_18119_,_18119_,-0.025721
_18136_,_18136_,-0.025721
_18169_,_18169_,-0.025721
_18176_,_18176_,-0.025721
_18184_,_18184_,-0.025721
_18186_,_18186_,-0.025721
_18194_,_18194_,-0.025721
_18212_,_18212_,-0.025721
_18218_,_18218_,-0.025721
_18225_,_18225_,-0.025721
_18227_,_18227_,-0.025721
_18249_,_18249_,-0.025721
_18267_,_18267_,-0.025721
_18271_,_18271_,-0.025721
_18291_,_18291_,-0.025721
_18304_,_18304_,-0.025721
_18309_,_18309_,-0.025721
_18325_,_18325_,-0.025721
_18332_,_18332_,-0.025721
_18333_,_18333_,-0.025721
_18175_,_18175_,-0.025711
_18032_,_18032_,-0.025664
_18042_,_18042_,-0.025664
_18081_,_18081_,-0.025664
_18083_,_18083_,-0.025664
_18090_,_18090_,-0.025664
_18093_,_18093_,-0.025664
_18094_,_18094_,-0.025664
_18095_,_18095_,-0.025664
_18096_,_18096_,-0.025664
_18099_,_18099_,-0.025664
_18100_,_18100_,-0.025664
_18104_,_18104_,-0.025664
_18106_,_18106_,-0.025664
_18110_,_18110_,-0.025664
_18112_,_18112_,-0.025664
_18114_,_18114_,-0.025664
_18117_,_18117_,-0.025664
_18118_,_18118_,-0.025664
_18120_,_18120_,-0.025664
_18188_,_18188_,-0.025664
_18193_,_18193_,-0.025664
_18290_,_18290_,-0.025664
_18293_,_18293_,-0.025664
_18301_,_18301_,-0.025664
_18306_,_18306_,-0.025664
_17902_,_17902_,-0.025598
_17903_,_17903_,-0.025598
_17904_,_17904_,-0.025598
_17910_,_17910_,-0.025598
_17911_,_17911_,-0.025598
_17921_,_17921_,-0.025598
_17925_,_17925_,-0.025598
_17931_,_17931_,-0.025598
_17933_,_17933_,-0.025598
_17937_,_17937_,-0.025598
_17938_,_17938_,-0.025598
_17941_,_17941_,-0.025598
_17943_,_17943_,-0.025598
_17944_,_17944_,-0.025598
_17946_,_17946_,-0.025598
_17949_,_17949_,-0.025598
_17950_,_17950_,-0.025598
_17953_,_17953_,-0.025598
_17955_,_17955_,-0.025598
_17956_,_17956_,-0.025598
_17957_,_17957_,-0.025598
_17958_,_17958_,-0.025598
_17959_,_17959_,-0.025598
_17961_,_17961_,-0.025598
_17964_,_17964_,-0.025598
_17965_,_17965_,-0.025598
_17973_,_17973_,-0.025598
_17974_,_17974_,-0.025598
_17981_,_17981_,-0.025598
_17988_,_17988_,-0.025598
_17992_,_17992_,-0.025598
_18012_,_18012_,-0.025598
_18027_,_18027_,-0.025598
_18029_,_18029_,-0.025598
_18030_,_18030_,-0.025598
_18031_,_18031_,-0.025598
_18033_,_18033_,-0.025598
_18034_,_18034_,-0.025598
_18037_,_18037_,-0.025598
_18039_,_18039_,-0.025598
_18040_,_18040_,-0.025598
_18041_,_18041_,-0.025598
_18043_,_18043_,-0.025598
_18047_,_18047_,-0.025598
_18049_,_18049_,-0.025598
_18051_,_18051_,-0.025598
_18054_,_18054_,-0.025598
_18056_,_18056_,-0.025598
_18057_,_18057_,-0.025598
_18059_,_18059_,-0.025598
_18061_,_18061_,-0.025598
_18073_,_18073_,-0.025598
_18076_,_18076_,-0.025598
_18080_,_18080_,-0.025598
_18084_,_18084_,-0.025598
_18085_,_18085_,-0.025598
_18089_,_18089_,-0.025598
_18092_,_18092_,-0.025598
_18097_,_18097_,-0.025598
_18098_,_18098_,-0.025598
_18101_,_18101_,-0.025598
_18105_,_18105_,-0.025598
_18107_,_18107_,-0.025598
_18108_,_18108_,-0.025598
_18109_,_18109_,-0.025598
_18111_,_18111_,-0.025598
_18113_,_18113_,-0.025598
_18115_,_18115_,-0.025598
_18163_,_18163_,-0.025598
_18165_,_18165_,-0.025598
_18170_,_18170_,-0.025598
_18173_,_18173_,-0.025598
_18178_,_18178_,-0.025598
_18185_,_18185_,-0.025598
_18187_,_18187_,-0.025598
_18191_,_18191_,-0.025598
_18192_,_18192_,-0.025598
_18195_,_18195_,-0.025598
_18198_,_18198_,-0.025598
_18199_,_18199_,-0.025598
_18200_,_18200_,-0.025598
_18203_,_18203_,-0.025598
_18204_,_18204_,-0.025598
_18205_,_18205_,-0.025598
_18207_,_18207_,-0.025598
_18208_,_18208_,-0.025598
_18213_,_18213_,-0.025598
_18214_,_18214_,-0.025598
_18215_,_18215_,-0.025598
_18216_,_18216_,-0.025598
_18220_,_18220_,-0.025598
_18228_,_18228_,-0.025598
_18231_,_18231_,-0.025598
_18232_,_18232_,-0.025598
_18238_,_18238_,-0.025598
_18242_,_18242_,-0.025598
_18247_,_18247_,-0.025598
_18248_,_18248_,-0.025598
_18282_,_18282_,-0.025598
_18283_,_18283_,-0.025598
_18284_,_18284_,-0.025598
_18285_,_18285_,-0.025598
_18286_,_18286_,-0.025598
_18287_,_18287_,-0.025598
_18288_,_18288_,-0.025598
_18292_,_18292_,-0.025598
_18294_,_18294_,-0.025598
_18297_,_18297_,-0.025598
_18298_,_18298_,-0.025598
_18299_,_18299_,-0.025598
_18300_,_18300_,-0.025598
_18302_,_18302_,-0.025598
_18303_,_18303_,-0.025598
_18305_,_18305_,-0.025598
_18307_,_18307_,-0.025598
_18308_,_18308_,-0.025598
_18310_,_18310_,-0.025598
_18311_,_18311_,-0.025598
_18312_,_18312_,-0.025598
_18314_,_18314_,-0.025598
_18318_,_18318_,-0.025598
_18321_,_18321_,-0.025598
_18324_,_18324_,-0.025598
_18331_,_18331_,-0.025598
_18334_,_18334_,-0.025598
_18335_,_18335_,-0.025598
_18340_,_18340_,-0.025598
_18342_,_18342_,-0.025598
_18003_,_18003_,-0.025588
_18007_,_18007_,-0.025588
_18020_,_18020_,-0.025588
_18023_,_18023_,-0.025588
_18123_,_18123_,-0.025588
_18126_,_18126_,-0.025588
_18128_,_18128_,-0.025588
_18129_,_18129_,-0.025588
_18134_,_18134_,-0.025588
_18150_,_18150_,-0.025588
_18151_,_18151_,-0.025588
_18122_,_18122_,-0.025370
_17866_,_17866_,-0.025304
_17867_,_17867_,-0.025304
_17876_,_17876_,-0.025304
_17877_,_17877_,-0.025304
_17878_,_17878_,-0.025304
_17879_,_17879_,-0.025304
_17881_,_17881_,-0.025304
_17882_,_17882_,-0.025304
_17884_,_17884_,-0.025304
_17885_,_17885_,-0.025304
_17887_,_17887_,-0.025304
_17889_,_17889_,-0.025304
_17890_,_17890_,-0.025304
_17891_,_17891_,-0.025304
_17892_,_17892_,-0.025304
_17893_,_17893_,-0.025304
_18028_,_18028_,-0.025162
_18053_,_18053_,-0.025162
_18067_,_18067_,-0.025162
_18072_,_18072_,-0.025162
_18086_,_18086_,-0.025162
_18157_,_18157_,-0.025162
_18159_,_18159_,-0.025162
_18160_,_18160_,-0.025162
_18190_,_18190_,-0.025162
_18210_,_18210_,-0.025162
_18226_,_18226_,-0.025162
_18240_,_18240_,-0.025162
_18241_,_18241_,-0.025162
_18243_,_18243_,-0.025162
_18250_,_18250_,-0.025162
_18256_,_18256_,-0.025162
_18257_,_18257_,-0.025162
_18261_,_18261_,-0.025162
_18263_,_18263_,-0.025162
_18266_,_18266_,-0.025162
_18269_,_18269_,-0.025162
_18270_,_18270_,-0.025162
_18317_,_18317_,-0.025162
_18330_,_18330_,-0.025162
_18336_,_18336_,-0.025162
_18338_,_18338_,-0.025162
_18026_,_18026_,-0.025010
_18044_,_18044_,-0.025010
_18052_,_18052_,-0.025010
_18132_,_18132_,-0.025010
_18162_,_18162_,-0.025010
_18168_,_18168_,-0.025010
_18171_,_18171_,-0.025010
_18201_,_18201_,-0.025010
_18206_,_18206_,-0.025010
_18230_,_18230_,-0.025010
_18278_,_18278_,-0.025010
_18279_,_18279_,-0.025010
_18289_,_18289_,-0.025010
_18295_,_18295_,-0.025010
_18319_,_18319_,-0.025010
_18320_,_18320_,-0.025010
_18344_,_18344_,-0.025010
_17871_,_17871_,-0.024859
_17930_,_17930_,-0.024764
_17939_,_17939_,-0.024764
_17954_,_17954_,-0.024764
_18130_,_18130_,-0.024764
_18138_,_18138_,-0.024764
_18144_,_18144_,-0.024764
_18156_,_18156_,-0.024764
_18217_,_18217_,-0.024764
_17899_,_17899_,-0.024679
_17901_,_17901_,-0.024679
_17912_,_17912_,-0.024679
_17913_,_17913_,-0.024679
_17926_,_17926_,-0.024679
_17927_,_17927_,-0.024679
_17928_,_17928_,-0.024679
_17969_,_17969_,-0.024679
_17975_,_17975_,-0.024679
_17979_,_17979_,-0.024679
_17982_,_17982_,-0.024679
_17983_,_17983_,-0.024679
_17987_,_17987_,-0.024679
_17990_,_17990_,-0.024679
_17991_,_17991_,-0.024679
_17993_,_17993_,-0.024679
_17997_,_17997_,-0.024679
_17999_,_17999_,-0.024679
_18000_,_18000_,-0.024679
_18004_,_18004_,-0.024679
_18005_,_18005_,-0.024679
_18006_,_18006_,-0.024679
_18008_,_18008_,-0.024679
_18010_,_18010_,-0.024679
_18013_,_18013_,-0.024679
_18014_,_18014_,-0.024679
_18018_,_18018_,-0.024679
_18024_,_18024_,-0.024679
_18045_,_18045_,-0.024679
_18048_,_18048_,-0.024679
_18058_,_18058_,-0.024679
_18060_,_18060_,-0.024679
_18062_,_18062_,-0.024679
_18063_,_18063_,-0.024679
_18064_,_18064_,-0.024679
_18065_,_18065_,-0.024679
_18066_,_18066_,-0.024679
_18068_,_18068_,-0.024679
_18069_,_18069_,-0.024679
_18070_,_18070_,-0.024679
_18071_,_18071_,-0.024679
_18075_,_18075_,-0.024679
_18077_,_18077_,-0.024679
_18078_,_18078_,-0.024679
_18079_,_18079_,-0.024679
_18087_,_18087_,-0.024679
_18088_,_18088_,-0.024679
_18121_,_18121_,-0.024679
_18124_,_18124_,-0.024679
_18127_,_18127_,-0.024679
_18131_,_18131_,-0.024679
_18135_,_18135_,-0.024679
_18137_,_18137_,-0.024679
_18139_,_18139_,-0.024679
_18140_,_18140_,-0.024679
_18142_,_18142_,-0.024679
_18143_,_18143_,-0.024679
_18146_,_18146_,-0.024679
_18148_,_18148_,-0.024679
_18149_,_18149_,-0.024679
_18152_,_18152_,-0.024679
_18153_,_18153_,-0.024679
_18154_,_18154_,-0.024679
_18155_,_18155_,-0.024679
_18158_,_18158_,-0.024679
_18161_,_18161_,-0.024679
_18164_,_18164_,-0.024679
_18166_,_18166_,-0.024679
_18167_,_18167_,-0.024679
_18172_,_18172_,-0.024679
_18174_,_18174_,-0.024679
_18177_,_18177_,-0.024679
_18179_,_18179_,-0.024679
_18180_,_18180_,-0.024679
_18181_,_18181_,-0.024679
_18182_,_18182_,-0.024679
_18183_,_18183_,-0.024679
_18189_,_18189_,-0.024679
_18197_,_18197_,-0.024679
_18202_,_18202_,-0.024679
_18209_,_18209_,-0.024679
_18211_,_18211_,-0.024679
_18219_,_18219_,-0.024679
_18221_,_18221_,-0.024679
_18222_,_18222_,-0.024679
_18223_,_18223_,-0.024679
_18224_,_18224_,-0.024679
_18229_,_18229_,-0.024679
_18233_,_18233_,-0.024679
_18234_,_18234_,-0.024679
_18235_,_18235_,-0.024679
_18236_,_18236_,-0.024679
_18237_,_18237_,-0.024679
_18239_,_18239_,-0.024679
_18244_,_18244_,-0.024679
_18245_,_18245_,-0.024679
_18246_,_18246_,-0.024679
_18251_,_18251_,-0.024679
_18252_,_18252_,-0.024679
_18253_,_18253_,-0.024679
_18254_,_18254_,-0.024679
_18255_,_18255_,-0.024679
_18258_,_18258_,-0.024679
_18259_,_18259_,-0.024679
_18262_,_18262_,-0.024679
_18264_,_18264_,-0.024679
_18265_,_18265_,-0.024679
_18268_,_18268_,-0.024679
_18272_,_18272_,-0.024679
_18273_,_18273_,-0.024679
_18274_,_18274_,-0.024679
_18275_,_18275_,-0.024679
_18276_,_18276_,-0.024679
_18277_,_18277_,-0.024679
_18280_,_18280_,-0.024679
_18281_,_18281_,-0.024679
_18296_,_18296_,-0.024679
_18313_,_18313_,-0.024679
_18315_,_18315_,-0.024679
_18316_,_18316_,-0.024679
_18322_,_18322_,-0.024679
_18323_,_18323_,-0.024679
_18326_,_18326_,-0.024679
_18327_,_18327_,-0.024679
_18328_,_18328_,-0.024679
_18329_,_18329_,-0.024679
_18337_,_18337_,-0.024679
_18339_,_18339_,-0.024679
_18341_,_18341_,-0.024679
_18343_,_18343_,-0.024679
_17869_,_17869_,-0.024660
_17870_,_17870_,-0.024660
_17874_,_17874_,-0.024660
_17875_,_17875_,-0.024660
_17886_,_17886_,-0.024660
_17888_,_17888_,-0.024660
_17894_,_17894_,-0.024660
_17895_,_17895_,-0.024660
_17896_,_17896_,-0.024660
_17994_,_17994_,-0.024423
_17995_,_17995_,-0.024423
_17996_,_17996_,-0.024423
_18002_,_18002_,-0.024423
_18016_,_18016_,-0.024423
_18021_,_18021_,-0.024423
_19352_,_19352_,-0.018614
_19354_,_19354_,-0.018614
_19361_,_19361_,-0.018557
_19349_,_19349_,-0.018538
_19373_,_19373_,-0.018491
_19375_,_19375_,-0.018491
_19351_,_19351_,-0.018481
_19348_,_19348_,-0.018453
_19347_,_19347_,-0.018415
_19357_,_19357_,-0.018415
_19362_,_19362_,-0.018415
_19364_,_19364_,-0.018008
_19350_,_19350_,-0.017998
_19358_,_19358_,-0.017979
_19360_,_19360_,-0.017884
_19374_,_19374_,-0.017572
_19376_,_19376_,-0.017572
_19356_,_19356_,-0.017496
_19359_,_19359_,-0.017496
_19371_,_19371_,-0.017496
_19363_,_19363_,-0.017373
_19368_,_19368_,-0.017373
_19372_,_19372_,-0.017373
_19377_,_19377_,-0.017373
_19378_,_19378_,-0.016937
_19370_,_19370_,-0.016625
_19355_,_19355_,-0.016454
_19366_,_19366_,-0.016454
_19367_,_19367_,-0.016454
_19369_,_19369_,-0.016454
_19352_,_17579_,-0.012393
_19354_,_17581_,-0.012393
_19361_,_17588_,-0.012337
_19373_,_17600_,-0.012272
_19375_,_17602_,-0.012272
_19374_,_17601_,-0.011374
_19376_,_17603_,-0.011374
_19356_,_17583_,-0.006423
_19368_,_17595_,-0.006362
_19377_,_17604_,-0.006362
_19372_,_17599_,-0.006356
_19350_,_17577_,-0.006203
_19378_,_17605_,-0.005944
_19363_,_17590_,-0.005544
_19366_,_17593_,-0.005481
_19369_,_17596_,-0.005481
_19367_,_17594_,-0.005475
_19355_,_17582_,-0.004849
_17934_,_17934_,-0.004741
_17940_,_17940_,-0.004741
_17580_,_17580_,-0.004122
_17574_,_17574_,-0.004114
_17576_,_17576_,-0.004114
_17578_,_17578_,-0.004114
_17585_,_17585_,-0.004114
_17575_,_17575_,-0.004049
_17592_,_17592_,-0.003993
_17597_,_17597_,-0.003993
_17584_,_17584_,-0.003993
_17586_,_17586_,-0.003993
_17589_,_17589_,-0.003993
_17598_,_17598_,-0.003993
_17883_,_17883_,-0.000345
_17868_,_17868_,-0.000022
_18915_,_19299_,0.004045
_19184_,_19184_,0.010871
_19340_,_19340_,0.017269
_18889_,_18889_,0.017304
_19339_,_19339_,0.017304
_19345_,_19345_,0.017304
_18932_,_18932_,0.017350
_19126_,_19126_,0.017350
_18937_,_18937_,0.017418
_19346_,_19346_,0.017973
_18999_,_18999_,0.018100
_18957_,_18957_,0.018100
_18896_,_18896_,0.018169
_18906_,_18906_,0.018286
_19135_,_19135_,0.018835
_18915_,_18915_,0.018898
_18999_,_19063_,0.019041
_18957_,_19181_,0.019041
_19340_,_19211_,0.019529
_19135_,_19039_,0.019782
_19185_,_19185_,0.022847
_19153_,_19153_,0.023176
_18956_,_18956_,0.025229
_19319_,_19319_,0.025315
_19164_,_19164_,0.025766
_19260_,_19260_,0.025850
_18951_,_19175_,0.026819
_19126_,_19030_,0.027552
_18932_,_19156_,0.027552
_19318_,_19189_,0.027756
_19003_,_19067_,0.027828
_19346_,_19217_,0.028221
_18862_,_18862_,0.028405
_19049_,_19049_,0.028408
_19054_,_19054_,0.028408
_19042_,_19042_,0.028612
_19052_,_19052_,0.028683
_19180_,_19180_,0.028859
_18583_,_18583_,0.028893
_18951_,_18951_,0.029035
_19364_,_17591_,0.029210
_19360_,_17587_,0.029328
_19263_,_19263_,0.030277
_18847_,_18847_,0.030546
_18871_,_18871_,0.030663
_18936_,_18936_,0.030663
_19015_,_19079_,0.030696
_19365_,_19365_,0.031302
_19086_,_19086_,0.031539
_19040_,_19040_,0.031548
_19062_,_19062_,0.031814
_19266_,_19266_,0.031820
_19353_,_19353_,0.031828
_18841_,_19097_,0.032064
_18919_,_18919_,0.032941
_19275_,_19275_,0.032996
_19168_,_19168_,0.033153
_18998_,_18998_,0.033158
_19153_,_19057_,0.033398
_19003_,_19003_,0.033440
_19318_,_19318_,0.033446
_19161_,_19161_,0.034411
_19054_,_18990_,0.034537
_19338_,_19338_,0.034539
_19233_,_19233_,0.034544
_19162_,_19162_,0.034559
_19049_,_18985_,0.034612
_18413_,_18413_,0.034664
_18408_,_18408_,0.034696
_18410_,_18410_,0.034696
_19020_,_19020_,0.035379
_19140_,_19140_,0.035440
_19128_,_19128_,0.035571
_19256_,_19256_,0.035633
_18908_,_18908_,0.035656
_18838_,_18838_,0.035675
_18864_,_18864_,0.035675
_18920_,_18920_,0.035846
_18928_,_18928_,0.036403
_18605_,_18605_,0.036626
_18725_,_18725_,0.036626
_18830_,_18830_,0.036627
_18543_,_18543_,0.036630
_18525_,_18525_,0.036651
_18620_,_18620_,0.036651
_18717_,_18717_,0.036651
_18442_,_18442_,0.036656
_18785_,_18785_,0.036657
_18825_,_18825_,0.036657
_18730_,_18730_,0.036658
_18722_,_18722_,0.036659
_18695_,_18695_,0.036659
_18613_,_18613_,0.036660
_18533_,_18533_,0.036661
_18527_,_18527_,0.036662
_18623_,_18623_,0.036662
_18737_,_18737_,0.036663
_19015_,_19015_,0.036981
_18802_,_18802_,0.036996
_18642_,_18642_,0.036998
_18675_,_18675_,0.036998
_18771_,_18771_,0.036998
_18590_,_18590_,0.037223
_18693_,_18693_,0.037223
_18782_,_18782_,0.037223
_18636_,_18636_,0.037224
_18680_,_18680_,0.037224
_18580_,_18580_,0.037235
_18827_,_18827_,0.037235
_18428_,_18428_,0.037248
_18817_,_18817_,0.037254
_18438_,_18438_,0.037254
_18448_,_18448_,0.037255
_18632_,_18632_,0.037255
_18696_,_18696_,0.037255
_18826_,_18826_,0.037255
_18690_,_18690_,0.037255
_18421_,_18421_,0.037257
_18816_,_18816_,0.037258
_18719_,_18719_,0.037259
_18731_,_18731_,0.037260
_18528_,_18528_,0.037261
_18631_,_18631_,0.037261
_18705_,_18705_,0.037261
_18788_,_18788_,0.037261
_18425_,_18425_,0.037261
_18820_,_18820_,0.037262
_18445_,_18445_,0.037295
_18681_,_18681_,0.037295
_18745_,_18745_,0.037295
_18797_,_18797_,0.037295
_18519_,_18519_,0.037295
_18524_,_18524_,0.037295
_18615_,_18615_,0.037295
_18743_,_18743_,0.037295
_18775_,_18775_,0.037295
_18807_,_18807_,0.037295
_18430_,_18430_,0.037296
_18526_,_18526_,0.037296
_18629_,_18629_,0.037296
_18661_,_18661_,0.037296
_18718_,_18718_,0.037296
_18789_,_18789_,0.037296
_18821_,_18821_,0.037296
_18542_,_18542_,0.037296
_18638_,_18638_,0.037296
_18670_,_18670_,0.037296
_18702_,_18702_,0.037296
_18520_,_18520_,0.037296
_18616_,_18616_,0.037296
_18648_,_18648_,0.037296
_18668_,_18668_,0.037296
_18776_,_18776_,0.037296
_18808_,_18808_,0.037296
_18541_,_18541_,0.037299
_18606_,_18606_,0.037299
_18607_,_18607_,0.037299
_18639_,_18639_,0.037299
_18671_,_18671_,0.037299
_18701_,_18701_,0.037299
_18703_,_18703_,0.037299
_18765_,_18765_,0.037299
_18799_,_18799_,0.037299
_18829_,_18829_,0.037299
_18831_,_18831_,0.037299
_18420_,_18420_,0.037308
_18516_,_18516_,0.037308
_18586_,_18586_,0.037308
_18612_,_18612_,0.037308
_18644_,_18644_,0.037308
_18676_,_18676_,0.037308
_18682_,_18682_,0.037308
_18714_,_18714_,0.037308
_18746_,_18746_,0.037308
_18778_,_18778_,0.037308
_18804_,_18804_,0.037308
_18810_,_18810_,0.037308
_18429_,_18429_,0.037320
_18556_,_18556_,0.037320
_18588_,_18588_,0.037320
_18589_,_18589_,0.037320
_18621_,_18621_,0.037320
_18684_,_18684_,0.037320
_18685_,_18685_,0.037320
_18716_,_18716_,0.037320
_18749_,_18749_,0.037320
_18812_,_18812_,0.037320
_18813_,_18813_,0.037320
_18537_,_18537_,0.037326
_18601_,_18601_,0.037326
_18633_,_18633_,0.037326
_18665_,_18665_,0.037326
_18697_,_18697_,0.037326
_18721_,_18721_,0.037326
_18822_,_18822_,0.037326
_18529_,_18529_,0.037327
_18534_,_18534_,0.037327
_18598_,_18598_,0.037327
_18625_,_18625_,0.037327
_18630_,_18630_,0.037327
_18750_,_18750_,0.037327
_18753_,_18753_,0.037327
_18758_,_18758_,0.037327
_18790_,_18790_,0.037327
_18435_,_18435_,0.037327
_18540_,_18540_,0.037327
_18595_,_18595_,0.037327
_18723_,_18723_,0.037327
_18796_,_18796_,0.037327
_18811_,_18811_,0.037327
_18803_,_18803_,0.037327
_18806_,_18806_,0.037327
_18538_,_18538_,0.037327
_18544_,_18544_,0.037327
_18608_,_18608_,0.037327
_18640_,_18640_,0.037327
_18704_,_18704_,0.037327
_18728_,_18728_,0.037327
_18760_,_18760_,0.037327
_18762_,_18762_,0.037327
_18768_,_18768_,0.037327
_18792_,_18792_,0.037327
_18794_,_18794_,0.037327
_18824_,_18824_,0.037327
_18832_,_18832_,0.037327
_18422_,_18422_,0.037328
_18518_,_18518_,0.037328
_18522_,_18522_,0.037328
_18614_,_18614_,0.037328
_18678_,_18678_,0.037328
_18742_,_18742_,0.037328
_18530_,_18530_,0.037328
_18594_,_18594_,0.037328
_18622_,_18622_,0.037328
_18626_,_18626_,0.037328
_18754_,_18754_,0.037328
_18786_,_18786_,0.037328
_18818_,_18818_,0.037328
_18432_,_18432_,0.037328
_18677_,_18677_,0.037328
_18599_,_18599_,0.037329
_18791_,_18791_,0.037329
_18823_,_18823_,0.037329
_18517_,_18517_,0.037329
_18549_,_18549_,0.037329
_18581_,_18581_,0.037329
_18709_,_18709_,0.037329
_18805_,_18805_,0.037329
_18449_,_18449_,0.037329
_18592_,_18592_,0.037331
_18634_,_18634_,0.037331
_18687_,_18687_,0.037331
_18751_,_18751_,0.037331
_18815_,_18815_,0.037331
_18531_,_18531_,0.037332
_18819_,_18819_,0.037332
_18427_,_18427_,0.037333
_18523_,_18523_,0.037333
_18532_,_18532_,0.037333
_18539_,_18539_,0.037333
_18713_,_18713_,0.037333
_18724_,_18724_,0.037333
_18579_,_18579_,0.037333
_18706_,_18706_,0.037333
_18514_,_18514_,0.037333
_18521_,_18521_,0.037333
_18535_,_18535_,0.037333
_18587_,_18587_,0.037333
_18611_,_18611_,0.037333
_18617_,_18617_,0.037333
_18619_,_18619_,0.037333
_18624_,_18624_,0.037333
_18627_,_18627_,0.037333
_18628_,_18628_,0.037333
_18635_,_18635_,0.037333
_18641_,_18641_,0.037333
_18656_,_18656_,0.037333
_18674_,_18674_,0.037333
_18683_,_18683_,0.037333
_18691_,_18691_,0.037333
_18707_,_18707_,0.037333
_18715_,_18715_,0.037333
_18739_,_18739_,0.037333
_18747_,_18747_,0.037333
_18755_,_18755_,0.037333
_18756_,_18756_,0.037333
_18763_,_18763_,0.037333
_18769_,_18769_,0.037333
_18779_,_18779_,0.037333
_18787_,_18787_,0.037333
_18795_,_18795_,0.037333
_18610_,_18610_,0.037333
_18738_,_18738_,0.037333
_18663_,_18663_,0.037333
_18833_,_18833_,0.037334
_18436_,_18436_,0.037339
_18423_,_18423_,0.037413
_18647_,_18647_,0.037413
_18679_,_18679_,0.037413
_18437_,_18437_,0.037413
_18565_,_18565_,0.037413
_18574_,_18574_,0.037414
_18444_,_18444_,0.037414
_18552_,_18552_,0.037414
_18700_,_18700_,0.037414
_18446_,_18446_,0.037417
_18447_,_18447_,0.037417
_18575_,_18575_,0.037417
_18637_,_18637_,0.037417
_18669_,_18669_,0.037417
_18772_,_18772_,0.037425
_18548_,_18548_,0.037434
_18652_,_18652_,0.037438
_18440_,_18440_,0.037442
_18441_,_18441_,0.037443
_18569_,_18569_,0.037444
_18689_,_18689_,0.037444
_18572_,_18572_,0.037444
_18664_,_18664_,0.037445
_18650_,_18650_,0.037445
_18774_,_18774_,0.037445
_18654_,_18654_,0.037445
_18658_,_18658_,0.037445
_18686_,_18686_,0.037445
_18439_,_18439_,0.037446
_18431_,_18431_,0.037446
_18653_,_18653_,0.037447
_18784_,_18784_,0.037448
_18655_,_18655_,0.037449
_18666_,_18666_,0.037449
_18698_,_18698_,0.037449
_18424_,_18424_,0.037450
_18688_,_18688_,0.037450
_18649_,_18649_,0.037450
_18651_,_18651_,0.037450
_18659_,_18659_,0.037450
_18660_,_18660_,0.037450
_18667_,_18667_,0.037450
_18692_,_18692_,0.037450
_18699_,_18699_,0.037450
_18801_,_18801_,0.037451
_18657_,_18657_,0.037453
_18662_,_18662_,0.037453
_18672_,_18672_,0.037454
_18559_,_18559_,0.037458
_18546_,_18546_,0.037460
_18553_,_18553_,0.037460
_18560_,_18560_,0.037460
_18563_,_18563_,0.037460
_18567_,_18567_,0.037460
_18673_,_18673_,0.037460
_18643_,_18643_,0.037460
_19026_,_19026_,0.037542
_18921_,_18921_,0.037620
_19040_,_18976_,0.037627
_19268_,_19268_,0.037635
_19063_,_19031_,0.037654
_19048_,_18984_,0.037662
_18550_,_18550_,0.037662
_19028_,_18964_,0.037662
_18547_,_18547_,0.037668
_19011_,_19011_,0.037811
_18515_,_18515_,0.037848
_19322_,_19322_,0.037897
_18869_,_18869_,0.037959
_18872_,_18872_,0.037959
_18777_,_18777_,0.037974
_18545_,_18545_,0.037974
_18780_,_18780_,0.037998
_18694_,_18694_,0.038005
_18726_,_18726_,0.038005
_18536_,_18536_,0.038006
_18800_,_18800_,0.038006
_18582_,_18582_,0.038006
_18434_,_18434_,0.038006
_18443_,_18443_,0.038006
_18727_,_18727_,0.038007
_19251_,_19251_,0.038021
_18418_,_18418_,0.038036
_18419_,_18419_,0.038038
_18578_,_18578_,0.038038
_18770_,_18770_,0.038038
_18868_,_18868_,0.038070
_18618_,_18618_,0.038241
_18646_,_18646_,0.038241
_18573_,_18573_,0.038290
_18733_,_18733_,0.038290
_18551_,_18551_,0.038290
_18711_,_18711_,0.038290
_18558_,_18558_,0.038291
_18577_,_18577_,0.038291
_18597_,_18597_,0.038291
_18757_,_18757_,0.038291
_18814_,_18814_,0.038291
_18766_,_18766_,0.038291
_18798_,_18798_,0.038291
_18604_,_18604_,0.038291
_18744_,_18744_,0.038291
_18764_,_18764_,0.038291
_18828_,_18828_,0.038291
_18734_,_18734_,0.038294
_18767_,_18767_,0.038294
_18426_,_18426_,0.038303
_18708_,_18708_,0.038303
_18740_,_18740_,0.038303
_18557_,_18557_,0.038315
_18748_,_18748_,0.038315
_18861_,_18861_,0.038317
_18433_,_18433_,0.038321
_18561_,_18561_,0.038321
_18593_,_18593_,0.038321
_18729_,_18729_,0.038321
_18761_,_18761_,0.038321
_18793_,_18793_,0.038321
_18566_,_18566_,0.038321
_18602_,_18602_,0.038322
_18732_,_18732_,0.038322
_18568_,_18568_,0.038322
_18576_,_18576_,0.038322
_18600_,_18600_,0.038322
_18554_,_18554_,0.038322
_18710_,_18710_,0.038322
_18562_,_18562_,0.038323
_18759_,_18759_,0.038323
_18570_,_18570_,0.038326
_18591_,_18591_,0.038326
_18783_,_18783_,0.038326
_18603_,_18603_,0.038328
_18555_,_18555_,0.038328
_18564_,_18564_,0.038328
_18571_,_18571_,0.038328
_18584_,_18584_,0.038328
_18585_,_18585_,0.038328
_18596_,_18596_,0.038328
_18609_,_18609_,0.038328
_18720_,_18720_,0.038328
_18752_,_18752_,0.038328
_19009_,_19009_,0.038434
_18884_,_18884_,0.038477
_19089_,_19089_,0.038546
_19171_,_19171_,0.038823
_19322_,_19193_,0.038842
_19123_,_19123_,0.038876
_19316_,_19316_,0.038876
_19173_,_19173_,0.039459
_18995_,_18995_,0.039511
_18961_,_18961_,0.040072
_18870_,_19222_,0.040425
_19263_,_18975_,0.040615
_19262_,_19262_,0.040643
_18936_,_19160_,0.040852
_18871_,_19223_,0.040852
_18954_,_18954_,0.041589
_19233_,_19201_,0.041683
_18904_,_18904_,0.041687
_19027_,_19027_,0.042097
_19033_,_19033_,0.042185
_18933_,_18933_,0.042243
_18898_,_18898_,0.042394
_19051_,_19051_,0.042457
_19029_,_19029_,0.042457
_19130_,_19130_,0.042678
_18854_,_18854_,0.042818
_19249_,_19249_,0.042954
_18919_,_19303_,0.043273
_19076_,_19076_,0.043388
_18938_,_18938_,0.043719
_18843_,_18843_,0.044381
_19026_,_18962_,0.044568
_19071_,_19071_,0.044726
_19074_,_19074_,0.044743
_19264_,_19264_,0.044763
_19066_,_19066_,0.044800
_19183_,_19183_,0.044823
_19194_,_19194_,0.045114
_19190_,_19190_,0.045114
_19188_,_19188_,0.045267
_19065_,_19065_,0.045287
_19058_,_19058_,0.045401
_19085_,_19085_,0.045499
_19017_,_19081_,0.045500
_19337_,_19337_,0.045521
_18834_,_18834_,0.045877
_19020_,_19084_,0.045927
_19128_,_19032_,0.045927
_18870_,_18870_,0.045940
_19218_,_19218_,0.046041
_19219_,_19219_,0.046204
_19235_,_19235_,0.046238
_19243_,_19243_,0.046356
_19195_,_19195_,0.046913
_19036_,_18972_,0.047356
_19225_,_19225_,0.047377
_19212_,_19212_,0.047438
_19216_,_19216_,0.047438
_19210_,_19210_,0.047438
_19034_,_19034_,0.047513
_19331_,_19202_,0.047617
_18858_,_18858_,0.047659
_18950_,_19174_,0.047894
_18914_,_18914_,0.048103
_19051_,_18987_,0.048106
_19029_,_18965_,0.048106
_19223_,_19191_,0.048297
_18869_,_19221_,0.048361
_18872_,_19224_,0.048361
_19050_,_19050_,0.048409
_18939_,_19163_,0.048573
_19000_,_19064_,0.048574
_18543_,_18479_,0.048752
_18525_,_18461_,0.048773
_18717_,_18781_,0.048773
_18785_,_18497_,0.048779
_18533_,_18469_,0.048783
_18527_,_18463_,0.048784
_17574_,_18348_,0.048835
_17580_,_18354_,0.048837
_17585_,_18359_,0.048860
_17578_,_18352_,0.048868
_17576_,_18350_,0.048873
_17581_,_18355_,0.048905
_17579_,_18353_,0.048905
_17600_,_18374_,0.048906
_17601_,_18375_,0.048909
_17603_,_18377_,0.048909
_17575_,_18349_,0.048934
_17588_,_18362_,0.048941
_17586_,_18360_,0.048949
_17584_,_18358_,0.048974
_17597_,_18371_,0.048980
_17598_,_18372_,0.048980
_17589_,_18363_,0.048987
_17592_,_18366_,0.048987
_17605_,_18379_,0.049019
_17602_,_18376_,0.049020
_17590_,_18364_,0.049051
_17595_,_18369_,0.049052
_17583_,_18357_,0.049057
_17593_,_18367_,0.049057
_18771_,_18483_,0.049109
_17577_,_18351_,0.049114
_17582_,_18356_,0.049145
_19154_,_19154_,0.049157
_17594_,_18368_,0.049164
_17604_,_18378_,0.049164
_17596_,_18370_,0.049165
_17599_,_18373_,0.049168
_18782_,_18494_,0.049224
_18789_,_18501_,0.049294
_19241_,_19241_,0.049351
_19248_,_19248_,0.049351
_18528_,_18464_,0.049362
_18788_,_18500_,0.049362
_18514_,_18450_,0.049394
_18521_,_18457_,0.049394
_18541_,_18477_,0.049394
_18797_,_18509_,0.049394
_18517_,_18453_,0.049394
_18519_,_18455_,0.049394
_18524_,_18460_,0.049394
_18539_,_18475_,0.049394
_18775_,_18487_,0.049394
_18526_,_18462_,0.049395
_18542_,_18478_,0.049395
_18520_,_18456_,0.049396
_18776_,_18488_,0.049396
_18799_,_18511_,0.049398
_18607_,_18735_,0.049398
_18516_,_18452_,0.049407
_18522_,_18458_,0.049407
_18532_,_18468_,0.049407
_18778_,_18490_,0.049407
_18801_,_18513_,0.049407
_18772_,_18484_,0.049419
_18537_,_18473_,0.049425
_18529_,_18465_,0.049426
_18534_,_18470_,0.049426
_18790_,_18502_,0.049426
_18538_,_18474_,0.049426
_18540_,_18476_,0.049426
_18796_,_18508_,0.049426
_18544_,_18480_,0.049427
_18792_,_18504_,0.049427
_18794_,_18506_,0.049427
_18608_,_18736_,0.049427
_18518_,_18454_,0.049427
_18530_,_18466_,0.049427
_18786_,_18498_,0.049427
_18791_,_18503_,0.049428
_18677_,_18645_,0.049428
_18805_,_18741_,0.049428
_18709_,_18773_,0.049428
_18523_,_18459_,0.049432
_18531_,_18467_,0.049432
_18535_,_18471_,0.049432
_18779_,_18491_,0.049432
_18787_,_18499_,0.049432
_18795_,_18507_,0.049432
_18774_,_18486_,0.049540
_18784_,_18496_,0.049543
_17587_,_18361_,0.049723
_17591_,_18365_,0.049723
_19072_,_19072_,0.049797
_19053_,_19053_,0.049856
_18515_,_18451_,0.049930
_19043_,_19043_,0.049945
_18777_,_18489_,0.050049
_18545_,_18481_,0.050050
_18780_,_18492_,0.050074
_18536_,_18472_,0.050082
_18800_,_18512_,0.050082
_18770_,_18482_,0.050113
_18798_,_18510_,0.050255
_18584_,_18712_,0.050356
_18793_,_18505_,0.050386
_18783_,_18495_,0.050391
_19073_,_19073_,0.050475
_19331_,_19331_,0.050648
_19017_,_19017_,0.050766
_19047_,_18983_,0.050878
_19044_,_19044_,0.051012
_19262_,_18974_,0.051019
_18885_,_18885_,0.051214
_18953_,_19177_,0.051220
_19210_,_19178_,0.051680
_18876_,_18876_,0.051804
_19190_,_19158_,0.051856
_18415_,_18415_,0.051999
_18947_,_18947_,0.052300
_19198_,_19198_,0.052469
_19061_,_19061_,0.052545
_19218_,_19186_,0.052674
_19219_,_19187_,0.052830
_19235_,_19203_,0.052938
_19034_,_18970_,0.052971
_19059_,_19059_,0.053073
_19075_,_19075_,0.053073
_18950_,_18950_,0.053152
_19000_,_19000_,0.053831
_18939_,_18939_,0.053900
_19050_,_18986_,0.053931
_19189_,_19157_,0.053977
_19220_,_19220_,0.054378
_19247_,_19247_,0.054831
_19035_,_18971_,0.054872
_18841_,_18841_,0.054948
_19207_,_19207_,0.054968
_19073_,_19041_,0.055253
_19053_,_18989_,0.055359
_19129_,_19129_,0.055816
_19200_,_19200_,0.055871
_18400_,_18400_,0.056608
_18398_,_18398_,0.056610
_19332_,_19332_,0.056656
_19021_,_19021_,0.057801
_19278_,_19278_,0.057801
_18895_,_18895_,0.057849
_19234_,_19234_,0.057981
_18959_,_18959_,0.058207
_19198_,_19166_,0.058935
_18345_,_17606_,0.058943
_19209_,_19209_,0.059113
_18844_,_18844_,0.059275
_18401_,_18401_,0.059659
_18809_,_18809_,0.059986
_19247_,_19215_,0.061208
_19041_,_18977_,0.062582
_19242_,_19242_,0.062837
_18411_,_18411_,0.063240
_19202_,_19170_,0.063580
_18402_,_18402_,0.063793
_18891_,_18891_,0.064739
_18881_,_18881_,0.064830
_19330_,_19330_,0.064830
_18888_,_18888_,0.065114
_18838_,_19094_,0.067603
_18864_,_19120_,0.067603
_18908_,_19292_,0.067603
_18907_,_18907_,0.068243
_18405_,_18405_,0.068301
_18913_,_18913_,0.068317
_18918_,_18918_,0.068531
_19277_,_19277_,0.069832
_18773_,_18485_,0.071319
_18843_,_19099_,0.072737
_18416_,_18416_,0.072758
_18835_,_18835_,0.074142
_18855_,_18855_,0.075008
_18391_,_18391_,0.075190
_19008_,_19008_,0.076118
_18940_,_18940_,0.076989
_19136_,_19136_,0.076989
_19037_,_19037_,0.077733
_18953_,_18953_,0.078219
_18412_,_18412_,0.078682
_18414_,_18414_,0.078682
_18904_,_19288_,0.079723
_18924_,_18924_,0.080210
_19192_,_19192_,0.080308
_18926_,_18926_,0.080338
_18948_,_18948_,0.080376
_18890_,_18890_,0.081009
_18849_,_18849_,0.082538
_18897_,_18897_,0.083242
_19176_,_19176_,0.084434
_19037_,_18973_,0.085041
_18859_,_18859_,0.085121
_18955_,_18955_,0.085690
_19024_,_19024_,0.085690
_18958_,_18958_,0.085690
_19276_,_19276_,0.085691
_18392_,_18392_,0.086339
_19121_,_19121_,0.086434
_18417_,_18417_,0.086975
_19227_,_19227_,0.087270
_19240_,_19240_,0.087980
_19004_,_19004_,0.088435
_19320_,_19320_,0.089210
_19228_,_19228_,0.089552
_18963_,_18963_,0.089685
_18849_,_19105_,0.090102
_18914_,_19298_,0.090900
_18978_,_18978_,0.091183
_19172_,_19172_,0.091245
_19133_,_19133_,0.092565
_19214_,_19214_,0.092668
_19229_,_19229_,0.093378
_19191_,_19159_,0.093730
_18852_,_19108_,0.094020
_19141_,_19141_,0.094134
_19246_,_19246_,0.094389
_19201_,_19169_,0.094803
_19240_,_19208_,0.094956
_19274_,_19274_,0.095233
_18949_,_18949_,0.095432
_18944_,_18944_,0.095518
_19236_,_19236_,0.095616
_19146_,_19146_,0.095789
_19327_,_19327_,0.097138
_17865_,_18386_,0.097448
_17872_,_18393_,0.097588
_17873_,_18394_,0.097601
_19038_,_19038_,0.098800
_19014_,_19014_,0.099159
_19286_,_19286_,0.099784
_19138_,_19138_,0.099789
_19145_,_19145_,0.099789
_19148_,_19148_,0.099789
_18848_,_19104_,0.099862
_19088_,_19088_,0.099872
_19323_,_19323_,0.099930
_18894_,_18894_,0.099933
_19258_,_19258_,0.099933
_19343_,_19343_,0.099933
_19231_,_19231_,0.100413
_19199_,_19199_,0.100858
_19004_,_19068_,0.100889
_19204_,_19204_,0.101163
_19028_,_19028_,0.101171
_19048_,_19048_,0.101174
_18781_,_18493_,0.101318
_18955_,_19179_,0.101344
_19276_,_18988_,0.101416
_18958_,_19182_,0.101416
_19056_,_19056_,0.101444
_19281_,_18993_,0.101562
_18902_,_18902_,0.101849
_19213_,_19213_,0.102243
_19205_,_19205_,0.102287
_18399_,_18399_,0.102729
_18857_,_18857_,0.102861
_18968_,_18968_,0.102896
_19239_,_19239_,0.103230
_19245_,_19245_,0.103339
_19144_,_19144_,0.103404
_19152_,_19152_,0.103404
_19118_,_19118_,0.103959
_19091_,_19091_,0.104876
_19304_,_19304_,0.104976
_19077_,_19077_,0.105004
_18403_,_18403_,0.105010
_19296_,_19296_,0.105207
_19013_,_19013_,0.105245
_17876_,_18397_,0.105642
_17866_,_18387_,0.105655
_17867_,_18388_,0.105671
_17885_,_18406_,0.105711
_19155_,_19155_,0.106031
_17875_,_18396_,0.106295
_17888_,_18409_,0.106309
_17886_,_18407_,0.106325
_17869_,_18390_,0.106443
_17874_,_18395_,0.106463
_18934_,_18934_,0.107166
_19069_,_19069_,0.107186
_19199_,_19167_,0.107394
_19307_,_19307_,0.107462
_19257_,_19257_,0.107636
_18901_,_18901_,0.108245
_18865_,_18865_,0.108746
_18929_,_18929_,0.108922
_19259_,_19259_,0.108968
_19122_,_19122_,0.109132
_19254_,_19254_,0.109729
_19141_,_19045_,0.109850
_19110_,_19110_,0.110161
_19114_,_19114_,0.110413
_18842_,_19098_,0.110735
_19115_,_19083_,0.110863
_19036_,_19036_,0.111119
_19093_,_19093_,0.111583
_18840_,_18840_,0.112245
_19030_,_18966_,0.112359
_19271_,_19271_,0.112807
_19010_,_19010_,0.112870
_19060_,_19060_,0.112912
_18837_,_18837_,0.113268
_18848_,_18848_,0.113296
_19273_,_19273_,0.113536
_19087_,_19087_,0.113714
_19344_,_19344_,0.113849
_18996_,_18996_,0.113918
_19047_,_19047_,0.113968
_19007_,_19007_,0.114390
_19078_,_19078_,0.114407
_18980_,_18980_,0.114712
_19269_,_18981_,0.115089
_19090_,_19090_,0.115187
_19056_,_18992_,0.115347
_18994_,_18994_,0.115866
_18874_,_18874_,0.116116
_18942_,_18942_,0.116219
_19289_,_19289_,0.116381
_19125_,_19125_,0.116392
_18892_,_18892_,0.116790
_19226_,_19226_,0.116826
_19230_,_19230_,0.116826
_19132_,_19132_,0.116866
_19244_,_19244_,0.116937
_19082_,_19082_,0.117281
_19023_,_19023_,0.117471
_19282_,_19282_,0.117665
_19329_,_19329_,0.117866
_19046_,_19046_,0.117930
_19336_,_19336_,0.117942
_19308_,_19308_,0.118033
_19103_,_19103_,0.118055
_18873_,_18873_,0.118292
_19272_,_19272_,0.118394
_19035_,_19035_,0.118568
_18836_,_18836_,0.119596
_18845_,_18845_,0.119913
_18941_,_18941_,0.120103
_18866_,_18866_,0.120504
_18935_,_18935_,0.120801
_19253_,_19253_,0.121548
_18842_,_18842_,0.122167
_19080_,_19080_,0.122659
_19025_,_19025_,0.122779
_19270_,_19270_,0.122793
_19127_,_19127_,0.123244
_19257_,_18969_,0.123336
_19238_,_19238_,0.124230
_18839_,_19095_,0.124261
_19100_,_19100_,0.124540
_19055_,_19055_,0.125574
_18893_,_18893_,0.126263
_19326_,_19326_,0.126342
_19232_,_19232_,0.127433
_19142_,_19142_,0.128122
_18930_,_18930_,0.128182
_19270_,_18982_,0.128284
_18943_,_18943_,0.128570
_18997_,_18997_,0.128633
_18867_,_18867_,0.128669
_18923_,_18923_,0.128711
_18925_,_18925_,0.128711
_19022_,_19022_,0.128776
_19137_,_19137_,0.129070
_18878_,_18878_,0.129093
_19341_,_19341_,0.129422
_18860_,_18860_,0.129521
_19150_,_19150_,0.129561
_18910_,_18910_,0.129625
_18960_,_18960_,0.129695
_19321_,_19321_,0.129695
_19124_,_19124_,0.129952
_18853_,_18853_,0.129957
_19317_,_19317_,0.129968
_19325_,_19325_,0.130057
_18917_,_18917_,0.130147
_19265_,_19265_,0.130328
_19206_,_19206_,0.130618
_18875_,_18875_,0.131024
_19001_,_19001_,0.131041
_17883_,_18404_,0.131301
_17868_,_18389_,0.131437
_19143_,_19143_,0.131618
_18852_,_18852_,0.131769
_18856_,_18856_,0.132436
_18900_,_18900_,0.133118
_18900_,_19284_,0.133118
_19315_,_19315_,0.133168
_19283_,_19283_,0.133336
_19106_,_19106_,0.133975
_19043_,_18979_,0.134022
_18885_,_19237_,0.134339
_19310_,_19310_,0.134454
_19281_,_19281_,0.134933
_18880_,_18880_,0.135088
_18882_,_18882_,0.135272
_19016_,_19016_,0.135358
_18887_,_18887_,0.135585
_19131_,_19131_,0.135684
_18941_,_19165_,0.135788
_18916_,_18916_,0.136934
_19287_,_19287_,0.137295
_18952_,_18952_,0.137456
_19333_,_19333_,0.138368
_19055_,_18991_,0.139717
_18921_,_19305_,0.140306
_18877_,_18877_,0.140517
_18899_,_18899_,0.141176
_19012_,_19012_,0.141794
_19326_,_19197_,0.142016
_18846_,_18846_,0.142238
_19002_,_19002_,0.142254
_19147_,_19147_,0.142559
_18931_,_18931_,0.142577
_18886_,_18886_,0.142780
_18922_,_18922_,0.143168
_18850_,_18850_,0.143216
_19334_,_19334_,0.143911
_19255_,_19255_,0.144942
_19250_,_19250_,0.145598
_19325_,_19196_,0.145724
_18946_,_18946_,0.147194
_19295_,_19295_,0.147406
_18912_,_18912_,0.147636
_18883_,_18883_,0.149205
_19149_,_19149_,0.149213
_18851_,_18851_,0.149351
_19139_,_19139_,0.149857
_19252_,_19252_,0.149918
_19255_,_18967_,0.150516
_19324_,_19324_,0.150573
_18905_,_18905_,0.150983
_19293_,_19293_,0.151247
_19096_,_19096_,0.153334
_19342_,_19342_,0.154039
_18851_,_19107_,0.154103
_19302_,_19302_,0.154210
_19306_,_19306_,0.154575
_19280_,_19280_,0.154690
_18855_,_19111_,0.155682
_19300_,_19300_,0.155801
_19335_,_19335_,0.156570
_18839_,_18839_,0.158816
_19267_,_19267_,0.158857
_19018_,_19018_,0.159891
_19328_,_19328_,0.160790
_18903_,_18903_,0.162306
_19268_,_19269_,0.164854
_19070_,_19070_,0.165215
_18909_,_18909_,0.165601
_19285_,_19285_,0.165643
_19261_,_19261_,0.167215
_19102_,_19102_,0.167284
_18927_,_18927_,0.171758
_19005_,_19005_,0.176371
_19115_,_19115_,0.177089
_18928_,_19312_,0.178045
_19006_,_19006_,0.178689
_19101_,_19101_,0.178897
_17573_,_18345_,0.179470
_19134_,_19134_,0.181039
_19113_,_19113_,0.181704
_19309_,_19309_,0.183193
_18860_,_19116_,0.183341
_18910_,_19294_,0.183439
_19151_,_19151_,0.183685
_19019_,_19019_,0.184086
_18879_,_18879_,0.188600
_18945_,_18945_,0.188600
_19301_,_19301_,0.190316
_18863_,_18863_,0.191088
_19119_,_19119_,0.191486
_19117_,_19117_,0.191892
_17573_,_18347_,0.193176
_19313_,_19313_,0.193706
_19279_,_19279_,0.194671
_19311_,_19311_,0.198770
_18853_,_19109_,0.199004
_18856_,_19112_,0.199098
_19092_,_19092_,0.202322
_18911_,_18911_,0.202589
_18913_,_19297_,0.202747
_19291_,_19291_,0.208092
_19290_,_19290_,0.210796
_18347_,_18380_,0.252176
_17607_,_17607_,0.286751
_18347_,_18346_,0.294061
_18382_,_18382_,0.309234
_18381_,_18381_,0.317275
_18347_,_18384_,0.390822
_18347_,_18383_,0.401233
_18347_,_18385_,0.403069
_19314_,_17608_,0.523113
_17573_,_19314_,0.558991
